Date,T2M,PRECTOTCORR
20100101,18.05,0.0
20100102,18.28,0.0
20100103,18.04,0.0
20100104,17.47,0.0
20100105,16.92,0.0
20100106,17.24,0.0
20100107,18.12,0.0
20100108,19.32,0.0
20100109,19.19,0.0
20100110,19.95,0.0
20100111,20.41,0.0
20100112,20.6,0.0
20100113,19.02,0.0
20100114,19.37,0.0
20100115,19.32,0.0
20100116,19.83,0.0
20100117,16.7,0.0
20100118,14.73,0.0
20100119,15.56,0.0
20100120,16.73,0.0
20100121,17.4,0.0
20100122,18.13,0.0
20100123,19.31,0.0
20100124,20.68,0.0
20100125,22.72,0.0
20100126,24.27,0.0
20100127,26.19,0.0
20100128,26.68,0.0
20100129,27.98,0.0
20100130,25.57,0.0
20100131,22.71,0.0
20100201,22.17,0.0
20100202,21.56,0.0
20100203,21.71,0.0
20100204,20.95,0.0
20100205,20.9,0.0
20100206,20.5,0.0
20100207,18.97,0.0
20100208,19.32,0.0
20100209,20.7,0.0
20100210,22.29,0.0
20100211,23.71,0.0
20100212,25.32,0.0
20100213,26.38,0.0
20100214,26.87,0.0
20100215,27.24,0.0
20100216,28.1,0.0
20100217,28.53,0.0
20100218,28.26,0.0
20100219,28.24,0.0
20100220,28.3,0.0
20100221,27.91,0.0
20100222,27.29,0.0
20100223,27.56,0.0
20100224,27.31,0.0
20100225,27.5,0.0
20100226,26.85,0.0
20100227,26.2,0.0
20100228,24.78,0.0
20100301,24.82,0.0
20100302,25.22,0.0
20100303,25.03,0.0
20100304,25.53,0.0
20100305,26.16,0.0
20100306,26.34,0.0
20100307,26.19,0.0
20100308,28.09,0.0
20100309,29.0,0.0
20100310,30.78,0.0
20100311,31.0,0.0
20100312,31.1,0.0
20100313,30.95,0.0
20100314,32.24,0.0
20100315,31.65,0.0
20100316,30.89,0.0
20100317,29.25,0.0
20100318,27.32,0.0
20100319,25.1,0.0
20100320,23.14,0.0
20100321,21.92,0.0
20100322,21.56,0.0
20100323,20.88,0.0
20100324,21.33,0.0
20100325,22.36,0.0
20100326,23.18,0.0
20100327,23.95,0.0
20100328,24.99,0.0
20100329,25.23,0.0
20100330,26.39,0.0
20100331,26.64,0.0
20100401,27.1,0.0
20100402,27.43,0.0
20100403,27.68,0.0
20100404,28.04,0.0
20100405,28.32,0.0
20100406,28.32,0.0
20100407,29.18,0.0
20100408,27.97,0.0
20100409,28.48,0.0
20100410,29.47,0.0
20100411,29.98,0.0
20100412,30.64,0.0
20100413,31.92,0.0
20100414,32.14,0.0
20100415,32.2,0.0
20100416,32.97,0.0
20100417,32.28,0.0
20100418,33.17,0.0
20100419,33.94,0.0
20100420,33.67,0.0
20100421,33.75,0.0
20100422,33.5,0.0
20100423,33.82,0.0
20100424,33.89,0.0
20100425,32.66,0.0
20100426,33.52,0.0
20100427,33.34,0.0
20100428,32.65,0.07
20100429,32.31,0.04
20100430,33.71,0.14
20100501,33.17,0.0
20100502,33.64,0.0
20100503,34.41,0.03
20100504,34.27,0.02
20100505,35.06,0.0
20100506,34.32,0.12
20100507,34.29,0.27
20100508,34.37,0.0
20100509,35.63,0.0
20100510,35.51,0.0
20100511,35.35,0.0
20100512,34.96,0.0
20100513,34.53,0.0
20100514,33.34,0.0
20100515,32.84,0.0
20100516,33.09,0.0
20100517,33.49,0.0
20100518,33.68,0.0
20100519,33.36,0.0
20100520,33.54,0.0
20100521,33.65,0.0
20100522,34.31,0.0
20100523,35.23,0.0
20100524,34.58,0.0
20100525,35.4,0.0
20100526,34.88,0.09
20100527,34.04,1.05
20100528,34.83,0.0
20100529,34.69,0.0
20100530,34.81,0.0
20100531,34.87,0.0
20100601,33.49,2.85
20100602,31.23,5.16
20100603,31.53,1.93
20100604,33.61,1.42
20100605,35.07,0.2
20100606,34.41,0.39
20100607,33.61,0.06
20100608,33.74,0.75
20100609,34.22,0.62
20100610,34.98,0.03
20100611,34.47,1.73
20100612,33.95,0.08
20100613,34.83,0.02
20100614,35.39,1.27
20100615,35.4,0.71
20100616,36.07,0.01
20100617,34.43,0.17
20100618,33.98,0.0
20100619,34.94,0.0
20100620,33.21,0.9
20100621,33.54,2.7
20100622,34.92,0.24
20100623,35.43,0.0
20100624,33.84,0.87
20100625,33.15,1.93
20100626,32.62,4.1
20100627,31.69,3.3
20100628,32.33,2.68
20100629,33.77,0.46
20100630,33.84,2.1
20100701,33.8,2.58
20100702,33.53,1.89
20100703,34.09,0.83
20100704,34.02,0.61
20100705,33.06,0.8
20100706,31.08,1.88
20100707,30.98,1.88
20100708,32.33,2.47
20100709,31.9,0.74
20100710,30.83,0.14
20100711,30.38,0.18
20100712,32.64,0.09
20100713,33.8,0.0
20100714,32.91,0.07
20100715,31.67,5.53
20100716,30.92,1.78
20100717,29.28,3.39
20100718,30.86,1.75
20100719,32.29,4.62
20100720,27.27,11.84
20100721,27.15,8.43
20100722,27.81,1.24
20100723,28.59,6.86
20100724,28.02,5.62
20100725,29.44,3.24
20100726,29.31,5.86
20100727,29.53,2.82
20100728,29.89,3.3
20100729,30.43,4.5
20100730,30.45,3.09
20100731,30.54,1.13
20100801,29.26,7.39
20100802,30.38,2.87
20100803,30.23,3.16
20100804,29.74,5.25
20100805,29.36,7.97
20100806,27.69,3.43
20100807,27.67,3.59
20100808,28.15,5.19
20100809,27.17,5.52
20100810,25.51,6.91
20100811,27.42,0.95
20100812,28.67,2.25
20100813,28.85,1.8
20100814,27.92,3.38
20100815,29.06,0.76
20100816,29.23,4.71
20100817,28.67,1.97
20100818,29.14,2.3
20100819,30.07,0.21
20100820,28.76,0.19
20100821,29.42,0.22
20100822,30.62,0.18
20100823,30.9,0.19
20100824,29.22,3.34
20100825,28.19,1.84
20100826,29.46,0.64
20100827,28.74,7.25
20100828,27.34,4.16
20100829,28.2,7.67
20100830,28.4,6.62
20100831,27.95,3.87
20100901,28.19,3.85
20100902,30.11,3.39
20100903,30.31,2.52
20100904,29.31,2.0
20100905,29.14,1.36
20100906,29.36,2.3
20100907,27.15,1.75
20100908,27.05,1.81
20100909,28.65,0.86
20100910,30.12,1.6
20100911,28.25,0.78
20100912,29.29,0.69
20100913,28.56,11.49
20100914,26.24,4.62
20100915,27.7,7.6
20100916,27.98,6.42
20100917,28.79,3.7
20100918,29.44,0.25
20100919,29.6,0.18
20100920,28.04,0.15
20100921,28.81,0.35
20100922,28.51,0.1
20100923,28.84,0.01
20100924,28.76,0.01
20100925,29.12,0.0
20100926,28.73,0.0
20100927,29.27,0.01
20100928,29.85,0.25
20100929,30.64,0.53
20100930,30.13,0.51
20101001,29.91,1.08
20101002,29.23,0.68
20101003,30.72,0.19
20101004,29.57,0.13
20101005,27.79,0.48
20101006,29.91,0.23
20101007,30.5,0.07
20101008,29.65,0.0
20101009,30.38,0.36
20101010,30.54,0.4
20101011,30.05,0.69
20101012,29.26,0.09
20101013,30.22,0.07
20101014,30.46,0.0
20101015,31.09,0.0
20101016,30.18,0.0
20101017,29.45,0.0
20101018,30.72,0.38
20101019,29.68,0.99
20101020,30.07,0.02
20101021,29.25,0.9
20101022,28.77,0.31
20101023,28.38,0.0
20101024,28.77,0.07
20101025,28.88,0.0
20101026,28.95,0.0
20101027,27.46,0.0
20101028,26.52,0.0
20101029,26.18,0.0
20101030,26.12,0.0
20101031,26.0,0.0
20101101,26.17,0.0
20101102,26.17,0.0
20101103,25.56,0.0
20101104,25.73,0.0
20101105,26.48,0.0
20101106,26.98,0.0
20101107,27.15,0.0
20101108,28.0,0.0
20101109,28.0,0.0
20101110,27.24,0.0
20101111,26.68,0.0
20101112,25.9,0.0
20101113,25.59,0.0
20101114,25.57,0.0
20101115,25.63,0.0
20101116,25.6,0.0
20101117,25.41,0.0
20101118,25.72,0.0
20101119,25.7,0.0
20101120,25.18,0.0
20101121,24.22,0.0
20101122,23.78,0.0
20101123,23.07,0.0
20101124,23.08,0.0
20101125,23.08,0.0
20101126,22.76,0.0
20101127,23.28,0.0
20101128,23.24,0.0
20101129,21.55,0.0
20101130,20.99,0.0
20101201,21.69,0.0
20101202,22.57,0.0
20101203,21.93,0.0
20101204,22.2,0.0
20101205,20.99,0.0
20101206,18.74,0.0
20101207,17.94,0.0
20101208,17.82,0.0
20101209,17.44,0.0
20101210,17.01,0.0
20101211,17.64,0.0
20101212,17.88,0.0
20101213,18.16,0.0
20101214,19.16,0.0
20101215,19.89,0.0
20101216,20.84,0.0
20101217,20.38,0.0
20101218,19.5,0.0
20101219,19.56,0.0
20101220,18.9,0.0
20101221,17.91,0.0
20101222,18.08,0.0
20101223,18.42,0.0
20101224,18.34,0.0
20101225,18.9,0.0
20101226,19.07,0.0
20101227,19.16,0.0
20101228,17.27,0.0
20101229,14.19,0.0
20101230,14.83,0.0
20101231,15.53,0.0
20110101,15.29,0.0
20110102,17.14,0.0
20110103,19.02,0.0
20110104,19.11,0.0
20110105,17.99,0.0
20110106,16.93,0.0
20110107,16.31,0.0
20110108,15.89,0.0
20110109,15.19,0.0
20110110,14.76,0.0
20110111,15.07,0.0
20110112,15.41,0.0
20110113,14.97,0.0
20110114,13.94,0.0
20110115,14.33,0.0
20110116,14.23,0.0
20110117,14.87,0.0
20110118,15.42,0.0
20110119,16.29,0.0
20110120,15.84,0.0
20110121,16.64,0.0
20110122,17.75,0.0
20110123,18.87,0.0
20110124,19.95,0.0
20110125,20.38,0.0
20110126,21.21,0.0
20110127,22.0,0.0
20110128,23.06,0.0
20110129,23.14,0.0
20110130,23.6,0.0
20110131,24.65,0.0
20110201,25.08,0.0
20110202,25.87,0.0
20110203,27.13,0.0
20110204,25.01,0.0
20110205,21.67,0.0
20110206,20.31,0.0
20110207,21.12,0.0
20110208,20.95,0.0
20110209,22.4,0.0
20110210,23.15,0.0
20110211,22.98,0.0
20110212,24.2,0.0
20110213,25.0,0.0
20110214,25.51,0.0
20110215,25.27,0.0
20110216,25.24,0.0
20110217,25.34,0.0
20110218,26.31,0.0
20110219,26.62,0.0
20110220,26.67,0.0
20110221,26.82,0.0
20110222,26.7,0.0
20110223,25.72,0.0
20110224,25.36,0.0
20110225,22.71,0.0
20110226,23.01,0.01
20110227,24.44,0.0
20110228,25.36,0.02
20110301,26.09,0.0
20110302,27.02,0.0
20110303,26.26,0.0
20110304,27.18,0.0
20110305,28.68,0.0
20110306,28.75,0.0
20110307,27.97,0.0
20110308,27.55,0.0
20110309,28.03,0.0
20110310,28.17,0.0
20110311,28.02,0.0
20110312,28.25,0.0
20110313,28.51,0.0
20110314,28.59,0.0
20110315,27.77,0.0
20110316,26.35,0.0
20110317,25.63,0.0
20110318,25.48,0.0
20110319,26.11,0.0
20110320,27.27,0.0
20110321,28.07,0.0
20110322,28.67,0.0
20110323,28.83,0.0
20110324,29.75,0.0
20110325,29.04,0.0
20110326,27.44,0.0
20110327,26.61,0.0
20110328,26.42,0.0
20110329,26.93,0.0
20110330,27.73,0.0
20110331,28.35,0.0
20110401,29.31,0.0
20110402,26.58,0.0
20110403,25.8,0.0
20110404,25.74,0.01
20110405,26.57,0.02
20110406,26.49,0.0
20110407,26.49,0.0
20110408,26.42,0.0
20110409,24.86,0.0
20110410,25.27,0.0
20110411,26.84,0.0
20110412,28.55,0.0
20110413,28.8,0.01
20110414,30.29,0.0
20110415,31.32,0.0
20110416,31.14,0.0
20110417,31.72,0.0
20110418,32.64,0.0
20110419,32.1,0.0
20110420,31.4,0.0
20110421,31.87,0.0
20110422,32.4,0.0
20110423,32.84,0.0
20110424,34.86,0.0
20110425,33.37,0.0
20110426,34.33,0.0
20110427,34.72,0.0
20110428,33.19,0.0
20110429,32.32,0.0
20110430,31.81,0.0
20110501,32.64,0.0
20110502,32.8,0.0
20110503,33.02,0.0
20110504,31.8,0.0
20110505,32.51,0.0
20110506,33.38,0.0
20110507,33.56,0.0
20110508,33.19,0.0
20110509,32.66,0.11
20110510,33.24,0.27
20110511,34.21,0.3
20110512,34.25,0.0
20110513,34.73,0.0
20110514,33.89,0.0
20110515,33.97,0.0
20110516,33.42,0.0
20110517,33.27,0.0
20110518,32.17,0.0
20110519,31.37,0.0
20110520,31.97,0.0
20110521,32.47,0.0
20110522,34.35,0.0
20110523,33.19,0.03
20110524,34.9,0.19
20110525,32.9,18.94
20110526,31.97,2.87
20110527,30.66,1.12
20110528,30.8,1.06
20110529,32.96,0.0
20110530,33.94,0.11
20110531,34.32,0.02
20110601,33.95,0.16
20110602,34.12,0.0
20110603,34.35,1.08
20110604,34.88,0.04
20110605,35.19,0.02
20110606,34.64,0.18
20110607,35.66,0.06
20110608,35.29,0.0
20110609,34.08,3.69
20110610,34.79,0.6
20110611,34.11,1.37
20110612,32.24,1.86
20110613,33.77,0.04
20110614,33.81,0.0
20110615,34.78,0.0
20110616,36.04,0.75
20110617,33.84,1.29
20110618,32.98,0.02
20110619,33.53,0.69
20110620,33.6,0.23
20110621,32.79,0.09
20110622,32.35,1.02
20110623,32.53,2.07
20110624,33.19,0.79
20110625,32.65,2.49
20110626,31.53,0.52
20110627,32.7,1.58
20110628,32.86,0.2
20110629,31.64,2.73
20110630,31.51,0.55
20110701,33.21,0.43
20110702,33.44,0.0
20110703,32.26,1.64
20110704,32.51,2.95
20110705,33.96,1.02
20110706,32.73,0.02
20110707,32.31,1.6
20110708,32.23,2.03
20110709,32.07,0.09
20110710,32.5,0.0
20110711,31.22,0.47
20110712,32.06,1.11
20110713,32.99,0.18
20110714,32.85,1.16
20110715,31.42,1.04
20110716,31.97,2.06
20110717,31.94,1.6
20110718,32.66,1.01
20110719,33.78,0.4
20110720,31.05,1.12
20110721,30.74,0.57
20110722,31.57,1.41
20110723,32.18,1.8
20110724,32.31,0.6
20110725,30.62,6.53
20110726,30.46,3.52
20110727,31.13,4.34
20110728,29.93,12.51
20110729,29.44,6.87
20110730,29.33,0.47
20110731,30.05,0.56
20110801,32.02,0.12
20110802,33.11,0.41
20110803,31.42,0.56
20110804,31.46,2.12
20110805,31.52,2.85
20110806,30.06,1.49
20110807,31.18,2.48
20110808,29.73,3.04
20110809,30.54,0.98
20110810,31.58,0.82
20110811,31.09,1.9
20110812,28.22,2.2
20110813,29.33,0.46
20110814,28.79,4.45
20110815,27.15,5.61
20110816,27.69,5.91
20110817,27.94,7.1
20110818,27.26,12.62
20110819,26.61,5.38
20110820,28.17,1.54
20110821,29.95,0.84
20110822,30.29,0.42
20110823,27.95,3.18
20110824,28.78,0.34
20110825,28.89,7.93
20110826,29.74,5.43
20110827,28.24,11.4
20110828,29.62,3.37
20110829,30.01,1.23
20110830,30.62,0.84
20110831,29.82,0.73
20110901,30.12,1.3
20110902,30.69,0.64
20110903,30.34,2.62
20110904,28.91,5.42
20110905,27.93,2.87
20110906,29.39,3.19
20110907,29.09,2.88
20110908,29.43,0.51
20110909,29.24,1.37
20110910,29.59,0.77
20110911,30.78,0.36
20110912,31.0,1.17
20110913,29.3,2.05
20110914,29.05,4.15
20110915,27.84,3.34
20110916,28.06,3.11
20110917,29.08,1.09
20110918,29.79,0.58
20110919,30.14,0.7
20110920,30.63,0.0
20110921,30.96,0.0
20110922,30.41,0.4
20110923,30.47,0.05
20110924,30.5,0.03
20110925,30.89,0.13
20110926,31.35,0.11
20110927,30.25,0.06
20110928,29.46,0.0
20110929,29.55,0.09
20110930,29.84,0.0
20111001,29.16,0.0
20111002,29.89,0.07
20111003,30.79,0.22
20111004,30.78,0.04
20111005,30.65,2.15
20111006,28.16,0.7
20111007,30.19,0.05
20111008,30.29,0.61
20111009,30.46,1.39
20111010,29.96,0.07
20111011,28.56,0.17
20111012,27.89,0.81
20111013,27.86,0.0
20111014,27.86,0.0
20111015,28.06,0.0
20111016,28.17,0.0
20111017,29.08,0.0
20111018,28.42,0.0
20111019,28.14,0.0
20111020,28.59,0.0
20111021,28.16,0.0
20111022,27.92,0.0
20111023,26.72,0.0
20111024,25.34,0.0
20111025,25.83,0.0
20111026,25.88,0.0
20111027,25.98,0.0
20111028,26.21,0.0
20111029,26.64,0.0
20111030,26.74,0.0
20111031,25.55,0.0
20111101,24.78,0.0
20111102,24.04,0.0
20111103,24.29,0.0
20111104,24.51,0.0
20111105,24.77,0.0
20111106,24.49,0.0
20111107,24.64,0.0
20111108,24.91,0.0
20111109,23.93,0.0
20111110,23.19,0.0
20111111,22.9,0.0
20111112,22.62,0.0
20111113,22.48,0.0
20111114,21.7,0.0
20111115,20.52,0.0
20111116,21.01,0.0
20111117,22.96,0.0
20111118,23.94,0.0
20111119,23.76,0.0
20111120,22.7,0.0
20111121,21.45,0.0
20111122,20.78,0.0
20111123,20.23,0.0
20111124,19.42,0.0
20111125,18.9,0.0
20111126,18.9,0.0
20111127,19.37,0.0
20111128,18.99,0.0
20111129,18.76,0.0
20111130,18.75,0.0
20111201,18.39,0.0
20111202,18.42,0.0
20111203,18.5,0.0
20111204,18.73,0.0
20111205,18.57,0.0
20111206,18.62,0.0
20111207,18.65,0.0
20111208,18.29,0.0
20111209,17.21,0.0
20111210,17.4,0.0
20111211,16.7,0.0
20111212,15.69,0.0
20111213,14.94,0.0
20111214,14.92,0.0
20111215,14.53,0.0
20111216,14.74,0.0
20111217,15.1,0.0
20111218,15.43,0.0
20111219,16.82,0.0
20111220,17.79,0.0
20111221,18.36,0.0
20111222,18.02,0.0
20111223,17.33,0.0
20111224,16.49,0.0
20111225,16.77,0.0
20111226,17.43,0.0
20111227,18.43,0.0
20111228,19.7,0.0
20111229,20.55,0.0
20111230,20.2,0.0
20111231,17.67,0.0
20120101,16.81,0.0
20120102,16.64,0.0
20120103,16.46,0.0
20120104,16.26,0.0
20120105,15.53,0.0
20120106,14.33,0.0
20120107,14.23,0.0
20120108,14.52,0.0
20120109,14.58,0.0
20120110,15.29,0.0
20120111,14.12,0.0
20120112,13.48,0.0
20120113,13.31,0.0
20120114,13.12,0.0
20120115,13.41,0.0
20120116,14.01,0.0
20120117,16.38,0.0
20120118,20.0,0.0
20120119,21.74,0.0
20120120,21.6,0.0
20120121,20.75,0.0
20120122,20.47,0.0
20120123,20.47,0.0
20120124,21.14,0.0
20120125,21.78,0.0
20120126,21.75,0.0
20120127,21.81,0.0
20120128,22.87,0.0
20120129,23.98,0.0
20120130,22.34,0.0
20120131,20.48,0.0
20120201,17.74,0.0
20120202,18.57,0.0
20120203,21.63,0.0
20120204,23.55,0.0
20120205,25.6,0.0
20120206,22.88,0.0
20120207,16.59,0.0
20120208,17.59,0.0
20120209,18.98,0.0
20120210,20.19,0.0
20120211,21.77,0.0
20120212,23.49,0.0
20120213,25.14,0.0
20120214,25.83,0.0
20120215,25.39,0.0
20120216,23.92,0.0
20120217,23.58,0.0
20120218,23.18,0.0
20120219,22.83,0.0
20120220,24.55,0.0
20120221,26.04,0.0
20120222,26.41,0.0
20120223,26.46,0.0
20120224,24.99,0.0
20120225,24.59,0.0
20120226,24.66,0.0
20120227,25.52,0.0
20120228,25.02,0.0
20120229,25.31,0.0
20120301,26.3,0.0
20120302,26.71,0.0
20120303,24.23,0.0
20120304,23.53,0.0
20120305,22.73,0.0
20120306,22.45,0.0
20120307,23.34,0.0
20120308,25.4,0.0
20120309,28.35,0.0
20120310,25.03,0.0
20120311,23.5,0.0
20120312,22.54,0.0
20120313,22.39,0.0
20120314,23.12,0.0
20120315,23.99,0.0
20120316,24.08,0.0
20120317,23.81,0.0
20120318,24.16,0.0
20120319,24.27,0.0
20120320,23.9,0.0
20120321,23.84,0.0
20120322,23.17,0.0
20120323,23.12,0.0
20120324,23.55,0.0
20120325,23.51,0.0
20120326,24.02,0.0
20120327,24.75,0.0
20120328,24.73,0.0
20120329,25.65,0.0
20120330,27.02,0.0
20120331,28.35,0.0
20120401,29.51,0.0
20120402,30.18,0.0
20120403,30.56,0.0
20120404,31.53,0.0
20120405,32.25,0.0
20120406,32.21,0.0
20120407,31.56,0.0
20120408,31.44,0.0
20120409,31.64,0.0
20120410,31.77,0.0
20120411,31.0,0.0
20120412,30.5,0.0
20120413,32.62,0.0
20120414,31.82,0.0
20120415,31.7,0.0
20120416,31.65,0.0
20120417,32.46,0.0
20120418,31.0,0.0
20120419,31.13,0.02
20120420,31.24,0.0
20120421,31.52,0.0
20120422,32.4,0.0
20120423,32.41,0.0
20120424,32.95,0.0
20120425,33.51,0.02
20120426,34.11,0.01
20120427,33.8,0.0
20120428,33.94,0.0
20120429,34.91,0.0
20120430,34.95,0.0
20120501,34.01,0.0
20120502,33.71,0.0
20120503,34.29,0.0
20120504,35.7,0.0
20120505,35.0,0.0
20120506,35.61,0.0
20120507,34.22,0.0
20120508,34.87,0.0
20120509,31.38,0.48
20120510,32.75,0.94
20120511,31.67,0.53
20120512,30.15,0.53
20120513,29.06,0.36
20120514,28.99,0.86
20120515,29.96,0.03
20120516,32.22,0.0
20120517,33.1,0.0
20120518,33.65,0.0
20120519,33.16,0.01
20120520,33.87,0.0
20120521,33.71,0.9
20120522,32.99,0.0
20120523,32.86,0.0
20120524,35.12,0.05
20120525,31.22,1.23
20120526,31.17,4.41
20120527,31.34,3.89
20120528,31.08,1.98
20120529,30.64,5.41
20120530,29.97,3.03
20120531,31.53,0.81
20120601,33.53,0.01
20120602,35.55,0.16
20120603,33.98,0.29
20120604,34.19,0.2
20120605,34.24,0.4
20120606,32.39,1.43
20120607,30.76,1.33
20120608,32.79,0.13
20120609,33.72,0.21
20120610,33.5,0.0
20120611,32.66,4.26
20120612,31.87,3.12
20120613,32.27,0.44
20120614,33.68,0.88
20120615,33.79,0.58
20120616,33.23,0.53
20120617,32.9,0.56
20120618,32.91,0.24
20120619,32.75,0.02
20120620,32.85,1.42
20120621,32.36,0.14
20120622,31.55,4.69
20120623,31.32,6.73
20120624,30.79,0.43
20120625,29.99,3.77
20120626,31.32,0.33
20120627,31.79,4.65
20120628,29.1,5.35
20120629,28.19,2.11
20120630,29.65,2.77
20120701,28.9,4.92
20120702,29.45,4.04
20120703,29.34,5.7
20120704,28.97,3.21
20120705,28.54,6.49
20120706,30.69,0.76
20120707,30.65,4.76
20120708,28.12,1.04
20120709,29.63,1.4
20120710,30.98,2.3
20120711,31.36,3.25
20120712,28.88,3.62
20120713,30.59,0.9
20120714,29.85,4.58
20120715,28.17,5.45
20120716,27.38,2.12
20120717,29.03,2.32
20120718,28.65,2.25
20120719,29.28,3.41
20120720,29.15,1.95
20120721,28.73,2.66
20120722,29.64,1.92
20120723,30.11,1.65
20120724,28.48,3.12
20120725,29.15,2.51
20120726,29.45,2.8
20120727,29.54,3.46
20120728,30.02,1.1
20120729,29.87,1.72
20120730,31.57,1.89
20120731,29.72,1.73
20120801,29.2,1.56
20120802,30.26,1.38
20120803,29.25,2.23
20120804,28.69,2.32
20120805,28.72,11.77
20120806,27.88,6.49
20120807,28.34,2.69
20120808,27.85,2.27
20120809,28.88,4.85
20120810,27.96,8.27
20120811,25.99,5.54
20120812,26.06,8.81
20120813,28.05,7.6
20120814,27.99,4.01
20120815,26.05,6.91
20120816,27.86,2.94
20120817,28.87,1.02
20120818,27.61,2.82
20120819,26.59,8.62
20120820,27.49,12.97
20120821,26.56,5.34
20120822,26.03,8.97
20120823,26.04,6.27
20120824,27.82,1.07
20120825,28.08,1.78
20120826,28.71,0.81
20120827,28.56,0.96
20120828,28.23,0.93
20120829,28.36,2.99
20120830,27.28,8.84
20120831,26.86,9.7
20120901,27.5,5.1
20120902,27.52,7.33
20120903,26.24,4.75
20120904,27.03,1.6
20120905,27.62,2.09
20120906,28.37,3.36
20120907,29.09,2.68
20120908,28.52,0.01
20120909,27.98,0.67
20120910,28.99,0.57
20120911,28.84,0.41
20120912,29.14,0.84
20120913,28.97,0.48
20120914,28.36,0.75
20120915,28.64,2.31
20120916,28.07,2.56
20120917,27.5,2.05
20120918,27.63,1.61
20120919,27.69,1.13
20120920,29.12,0.74
20120921,29.07,2.65
20120922,29.24,0.28
20120923,29.1,3.35
20120924,28.99,2.76
20120925,28.28,1.28
20120926,29.65,1.82
20120927,29.23,0.74
20120928,28.87,0.0
20120929,29.4,0.0
20120930,28.91,0.0
20121001,29.54,0.0
20121002,29.61,0.0
20121003,28.72,0.0
20121004,28.63,0.11
20121005,28.04,0.0
20121006,28.43,0.59
20121007,28.6,0.05
20121008,29.96,0.15
20121009,28.21,0.0
20121010,27.56,0.0
20121011,27.22,0.0
20121012,27.89,0.0
20121013,28.77,0.0
20121014,28.89,0.0
20121015,27.82,0.0
20121016,28.14,0.0
20121017,28.48,0.0
20121018,29.58,0.0
20121019,28.51,0.0
20121020,27.46,0.0
20121021,27.12,0.0
20121022,27.04,0.0
20121023,27.07,0.0
20121024,27.18,0.01
20121025,28.04,0.0
20121026,28.31,0.0
20121027,28.3,0.0
20121028,27.79,0.0
20121029,26.81,0.0
20121030,26.55,0.0
20121031,27.58,0.0
20121101,27.33,0.0
20121102,26.58,0.0
20121103,26.47,0.0
20121104,26.1,0.0
20121105,25.74,0.0
20121106,25.95,0.0
20121107,25.83,0.0
20121108,25.41,0.0
20121109,24.8,0.0
20121110,23.96,0.0
20121111,24.19,0.0
20121112,25.28,0.0
20121113,25.7,0.0
20121114,25.14,0.0
20121115,23.71,0.0
20121116,23.54,0.0
20121117,23.48,0.0
20121118,24.29,0.0
20121119,25.65,0.0
20121120,26.33,0.0
20121121,25.28,0.0
20121122,24.59,0.0
20121123,23.26,0.0
20121124,23.63,0.0
20121125,23.97,0.0
20121126,23.74,0.0
20121127,23.06,0.0
20121128,22.02,0.0
20121129,21.98,0.0
20121130,22.38,0.0
20121201,23.37,0.0
20121202,23.77,0.0
20121203,22.91,0.0
20121204,23.19,0.0
20121205,23.23,0.0
20121206,22.35,0.0
20121207,22.02,0.0
20121208,21.47,0.0
20121209,22.96,0.0
20121210,21.81,0.0
20121211,20.36,0.0
20121212,20.02,0.0
20121213,19.84,0.0
20121214,19.98,0.0
20121215,19.19,0.0
20121216,18.27,0.0
20121217,18.02,0.0
20121218,17.65,0.0
20121219,17.22,0.0
20121220,17.68,0.0
20121221,17.4,0.0
20121222,17.12,0.0
20121223,17.72,0.0
20121224,17.01,0.0
20121225,16.46,0.0
20121226,15.53,0.0
20121227,15.3,0.0
20121228,15.42,0.0
20121229,15.44,0.0
20121230,15.45,0.0
20121231,15.41,0.0
20130101,15.08,0.0
20130102,16.46,0.0
20130103,18.2,0.0
20130104,18.58,0.0
20130105,18.22,0.0
20130106,15.96,0.0
20130107,16.0,0.0
20130108,17.15,0.0
20130109,16.13,0.0
20130110,16.08,0.0
20130111,16.2,0.0
20130112,16.05,0.0
20130113,16.72,0.0
20130114,18.19,0.0
20130115,20.87,0.0
20130116,21.53,0.0
20130117,21.26,0.0
20130118,20.88,0.0
20130119,21.43,0.0
20130120,24.14,0.0
20130121,26.07,0.0
20130122,25.53,0.0
20130123,26.36,0.0
20130124,26.52,0.0
20130125,25.16,0.0
20130126,23.12,0.0
20130127,22.92,0.0
20130128,21.34,0.0
20130129,19.57,0.0
20130130,17.96,0.0
20130131,15.85,0.0
20130201,15.76,0.0
20130202,16.36,0.0
20130203,19.04,0.0
20130204,20.69,0.0
20130205,19.23,0.0
20130206,16.59,0.0
20130207,17.72,0.0
20130208,18.48,0.0
20130209,20.17,0.0
20130210,22.46,0.0
20130211,20.8,0.0
20130212,21.79,0.0
20130213,23.48,0.0
20130214,22.15,0.0
20130215,20.61,0.0
20130216,21.1,0.0
20130217,22.34,0.0
20130218,23.34,0.0
20130219,24.22,0.0
20130220,26.77,0.0
20130221,28.11,0.0
20130222,24.99,0.0
20130223,24.57,0.0
20130224,25.96,0.0
20130225,27.52,0.0
20130226,28.54,0.0
20130227,29.27,0.0
20130228,28.94,0.0
20130301,28.78,0.0
20130302,29.27,0.0
20130303,29.65,0.0
20130304,30.18,0.0
20130305,30.19,0.0
20130306,30.07,0.0
20130307,29.19,0.0
20130308,28.61,0.0
20130309,28.05,0.0
20130310,28.01,0.0
20130311,27.86,0.0
20130312,28.27,0.0
20130313,28.82,0.0
20130314,29.39,0.0
20130315,29.72,0.0
20130316,27.35,0.0
20130317,26.61,0.0
20130318,27.54,0.0
20130319,27.6,0.0
20130320,27.41,0.0
20130321,27.09,0.0
20130322,27.1,0.0
20130323,27.06,0.0
20130324,27.99,0.0
20130325,29.32,0.0
20130326,30.33,0.0
20130327,30.21,0.0
20130328,32.47,0.0
20130329,31.9,0.0
20130330,31.08,0.0
20130331,29.94,0.0
20130401,30.19,0.0
20130402,30.7,0.0
20130403,30.8,0.0
20130404,30.24,0.0
20130405,29.98,0.0
20130406,30.97,0.0
20130407,31.43,0.0
20130408,30.18,0.0
20130409,30.67,0.0
20130410,30.44,0.0
20130411,30.5,0.0
20130412,30.28,0.0
20130413,29.76,0.0
20130414,29.4,0.0
20130415,28.45,0.0
20130416,28.39,0.0
20130417,28.47,0.0
20130418,29.56,0.0
20130419,30.31,0.0
20130420,29.45,0.0
20130421,30.85,3.42
20130422,30.14,0.68
20130423,28.6,0.29
20130424,28.84,2.9
20130425,28.06,1.65
20130426,31.94,0.03
20130427,31.88,0.02
20130428,32.96,0.04
20130429,33.7,0.01
20130430,34.34,0.91
20130501,34.0,0.01
20130502,33.47,0.0
20130503,32.95,0.0
20130504,32.48,0.0
20130505,32.83,0.0
20130506,33.17,0.0
20130507,34.09,0.0
20130508,32.83,0.0
20130509,31.75,0.0
20130510,31.58,0.0
20130511,31.65,0.0
20130512,32.41,0.01
20130513,33.05,0.46
20130514,32.65,0.0
20130515,31.78,0.0
20130516,31.88,0.0
20130517,33.31,0.0
20130518,33.45,0.0
20130519,33.33,0.0
20130520,33.01,0.0
20130521,32.27,0.0
20130522,33.94,0.0
20130523,34.69,0.0
20130524,34.74,0.0
20130525,33.35,0.02
20130526,33.89,0.03
20130527,34.51,0.03
20130528,35.41,0.0
20130529,34.28,0.0
20130530,34.25,0.0
20130531,33.68,0.0
20130601,33.56,0.23
20130602,34.13,0.0
20130603,33.12,0.0
20130604,33.62,0.0
20130605,33.49,0.08
20130606,32.11,0.18
20130607,34.28,0.03
20130608,34.79,0.0
20130609,34.27,0.01
20130610,32.93,0.0
20130611,33.26,0.0
20130612,32.94,0.0
20130613,34.46,0.0
20130614,34.15,0.25
20130615,33.31,0.63
20130616,33.57,0.0
20130617,34.89,0.06
20130618,32.67,0.26
20130619,31.49,0.0
20130620,31.76,0.23
20130621,31.67,1.91
20130622,32.59,1.64
20130623,31.98,8.71
20130624,29.24,8.92
20130625,29.15,0.54
20130626,32.09,0.54
20130627,33.48,0.27
20130628,33.84,0.93
20130629,30.34,0.02
20130630,31.95,0.01
20130701,32.46,0.0
20130702,31.72,0.0
20130703,32.24,0.0
20130704,32.51,1.08
20130705,31.66,2.57
20130706,32.61,0.31
20130707,31.41,7.57
20130708,29.91,2.46
20130709,31.11,0.7
20130710,32.35,0.05
20130711,33.72,1.07
20130712,32.76,2.27
20130713,32.27,0.46
20130714,32.94,1.36
20130715,31.08,13.74
20130716,29.65,12.73
20130717,31.49,2.41
20130718,30.92,6.12
20130719,31.13,6.24
20130720,30.9,0.1
20130721,31.83,0.26
20130722,32.36,0.19
20130723,32.78,0.05
20130724,32.47,0.12
20130725,32.14,4.14
20130726,29.99,4.52
20130727,30.13,1.57
20130728,31.7,0.77
20130729,29.98,9.55
20130730,29.25,1.57
20130731,29.95,0.01
20130801,29.61,1.95
20130802,28.33,2.59
20130803,28.39,2.76
20130804,29.53,4.19
20130805,29.56,6.57
20130806,28.24,5.4
20130807,27.26,6.72
20130808,28.21,4.18
20130809,28.17,7.74
20130810,29.34,3.2
20130811,28.53,7.17
20130812,25.29,14.98
20130813,27.09,3.59
20130814,28.09,12.52
20130815,28.06,16.27
20130816,27.66,11.81
20130817,27.16,9.13
20130818,27.43,5.59
20130819,29.04,1.04
20130820,27.12,0.43
20130821,26.44,4.64
20130822,27.02,2.93
20130823,28.5,0.32
20130824,29.28,3.04
20130825,28.51,1.42
20130826,27.48,1.17
20130827,29.05,0.79
20130828,30.09,2.42
20130829,29.05,2.59
20130830,28.92,1.72
20130831,28.26,1.69
20130901,28.19,2.27
20130902,27.17,0.9
20130903,28.81,0.39
20130904,30.06,0.19
20130905,28.72,0.96
20130906,29.75,0.36
20130907,29.95,0.32
20130908,29.78,0.64
20130909,28.69,0.7
20130910,28.78,2.21
20130911,27.36,3.92
20130912,28.45,3.4
20130913,29.8,0.74
20130914,29.3,1.03
20130915,29.96,1.27
20130916,30.84,0.0
20130917,31.13,0.0
20130918,30.82,0.01
20130919,31.1,0.01
20130920,31.46,0.02
20130921,30.62,0.01
20130922,29.3,0.72
20130923,29.3,0.09
20130924,29.74,0.05
20130925,30.05,0.09
20130926,30.56,0.0
20130927,31.23,0.0
20130928,30.97,0.0
20130929,30.47,0.76
20130930,29.28,6.08
20131001,29.84,0.03
20131002,30.88,0.05
20131003,29.62,0.09
20131004,29.02,0.0
20131005,28.18,0.0
20131006,28.43,0.0
20131007,28.96,0.45
20131008,28.54,0.0
20131009,27.18,0.0
20131010,26.2,0.0
20131011,26.4,0.0
20131012,27.62,0.0
20131013,28.35,0.0
20131014,28.24,0.95
20131015,27.7,0.0
20131016,27.54,0.0
20131017,26.58,0.0
20131018,25.73,0.0
20131019,25.33,0.0
20131020,26.28,0.0
20131021,25.81,0.0
20131022,25.02,0.0
20131023,25.17,0.0
20131024,24.8,0.0
20131025,24.76,0.0
20131026,25.43,0.0
20131027,25.77,0.0
20131028,26.18,0.0
20131029,26.54,0.0
20131030,26.16,0.0
20131031,25.79,0.0
20131101,25.14,0.0
20131102,24.14,0.0
20131103,23.25,0.0
20131104,21.94,0.0
20131105,22.61,0.0
20131106,23.55,0.0
20131107,24.61,0.0
20131108,24.83,0.0
20131109,24.61,0.0
20131110,23.49,0.0
20131111,23.1,0.0
20131112,23.3,0.0
20131113,23.5,0.0
20131114,23.65,0.0
20131115,23.71,0.0
20131116,23.75,0.0
20131117,22.7,0.0
20131118,22.53,0.0
20131119,22.49,0.0
20131120,22.54,0.0
20131121,23.58,0.0
20131122,22.99,0.0
20131123,23.48,0.0
20131124,25.5,0.0
20131125,27.15,0.0
20131126,27.28,0.0
20131127,26.57,0.0
20131128,25.0,0.0
20131129,23.7,0.0
20131130,24.24,0.0
20131201,24.81,0.0
20131202,24.7,0.0
20131203,24.87,0.0
20131204,25.41,0.0
20131205,24.93,0.0
20131206,25.15,0.0
20131207,24.12,0.0
20131208,22.46,0.0
20131209,24.1,0.0
20131210,24.73,0.0
20131211,24.05,0.0
20131212,21.5,0.0
20131213,18.3,0.0
20131214,15.33,0.0
20131215,15.13,0.0
20131216,15.38,0.0
20131217,15.77,0.0
20131218,16.09,0.0
20131219,16.27,0.0
20131220,15.76,0.0
20131221,17.51,0.0
20131222,20.0,0.0
20131223,20.9,0.0
20131224,20.35,0.0
20131225,19.5,0.0
20131226,20.11,0.0
20131227,19.86,0.0
20131228,18.74,0.0
20131229,17.7,0.0
20131230,16.91,0.0
20131231,16.65,0.0
20140101,16.44,0.0
20140102,16.91,0.0
20140103,17.28,0.0
20140104,17.47,0.0
20140105,17.87,0.0
20140106,18.59,0.0
20140107,18.66,0.0
20140108,17.2,0.0
20140109,16.07,0.0
20140110,16.2,0.0
20140111,16.05,0.0
20140112,16.09,0.0
20140113,16.35,0.0
20140114,17.93,0.0
20140115,20.48,0.0
20140116,19.93,0.0
20140117,19.44,0.0
20140118,20.08,0.0
20140119,20.93,0.0
20140120,21.06,0.0
20140121,20.38,0.0
20140122,20.61,0.0
20140123,20.1,0.0
20140124,20.09,0.0
20140125,20.54,0.0
20140126,22.73,0.0
20140127,20.39,0.0
20140128,19.67,0.0
20140129,21.27,0.0
20140130,24.76,0.0
20140131,26.81,0.02
20140201,23.02,0.01
20140202,19.11,0.0
20140203,19.02,0.0
20140204,20.33,0.0
20140205,21.55,0.0
20140206,21.64,0.0
20140207,21.02,0.0
20140208,21.06,0.0
20140209,21.11,0.0
20140210,21.6,0.0
20140211,22.08,0.0
20140212,21.52,0.0
20140213,19.99,0.0
20140214,18.59,0.0
20140215,18.35,0.0
20140216,18.44,0.0
20140217,19.93,0.0
20140218,21.16,0.0
20140219,21.54,0.0
20140220,23.2,0.0
20140221,23.63,0.0
20140222,23.1,0.0
20140223,22.89,0.0
20140224,22.99,0.0
20140225,23.27,0.0
20140226,23.93,0.0
20140227,24.79,0.0
20140228,26.9,0.0
20140301,23.16,0.0
20140302,22.8,0.0
20140303,22.92,0.0
20140304,24.28,0.0
20140305,25.46,0.0
20140306,26.55,0.0
20140307,25.99,0.0
20140308,24.36,0.0
20140309,20.92,0.0
20140310,20.53,0.0
20140311,22.2,0.0
20140312,23.18,0.0
20140313,24.37,0.0
20140314,26.67,0.0
20140315,28.2,0.0
20140316,28.58,0.0
20140317,28.58,0.0
20140318,27.25,0.0
20140319,26.66,0.0
20140320,25.91,0.0
20140321,26.67,0.0
20140322,29.49,0.0
20140323,31.16,0.0
20140324,30.87,0.0
20140325,30.48,0.0
20140326,30.05,0.0
20140327,32.41,0.0
20140328,31.98,0.0
20140329,31.68,0.0
20140330,31.51,0.0
20140331,31.23,0.0
20140401,28.91,0.0
20140402,28.42,0.0
20140403,28.4,0.0
20140404,28.7,0.0
20140405,29.65,0.0
20140406,30.97,0.0
20140407,31.7,0.0
20140408,31.51,0.0
20140409,31.26,0.0
20140410,30.09,0.0
20140411,31.1,0.0
20140412,31.43,0.0
20140413,31.81,0.0
20140414,32.7,0.0
20140415,34.4,0.0
20140416,33.03,0.0
20140417,34.33,0.0
20140418,33.37,0.22
20140419,33.84,0.0
20140420,33.18,0.0
20140421,32.04,0.0
20140422,31.53,0.0
20140423,32.53,0.0
20140424,34.13,0.0
20140425,34.16,0.0
20140426,33.97,0.02
20140427,34.5,0.24
20140428,34.62,0.15
20140429,33.65,0.11
20140430,34.24,0.26
20140501,34.64,0.16
20140502,32.88,1.45
20140503,32.96,2.5
20140504,30.37,4.83
20140505,31.45,1.2
20140506,32.69,0.0
20140507,33.24,0.03
20140508,33.4,0.01
20140509,32.62,0.03
20140510,32.4,0.0
20140511,32.11,0.0
20140512,30.4,0.0
20140513,25.07,0.06
20140514,27.99,0.04
20140515,29.76,0.0
20140516,30.82,0.0
20140517,32.2,0.0
20140518,34.0,0.0
20140519,33.84,0.0
20140520,33.51,0.0
20140521,33.46,0.0
20140522,33.34,0.0
20140523,34.28,0.0
20140524,35.33,0.0
20140525,34.85,0.0
20140526,34.35,0.0
20140527,34.39,0.08
20140528,34.39,0.01
20140529,33.39,0.05
20140530,34.16,0.0
20140531,35.17,0.0
20140601,33.97,0.01
20140602,34.98,0.23
20140603,35.19,0.36
20140604,35.25,0.66
20140605,34.5,4.04
20140606,33.98,2.1
20140607,33.7,0.0
20140608,33.7,0.06
20140609,34.46,0.37
20140610,33.72,0.17
20140611,32.72,0.02
20140612,34.08,0.21
20140613,35.37,0.0
20140614,34.94,0.0
20140615,35.13,0.0
20140616,34.97,0.01
20140617,34.5,0.06
20140618,35.23,0.0
20140619,35.25,0.0
20140620,34.27,0.0
20140621,34.14,0.0
20140622,34.58,0.0
20140623,33.63,0.0
20140624,33.32,0.53
20140625,33.38,0.0
20140626,33.24,0.0
20140627,33.53,0.0
20140628,33.79,0.0
20140629,32.41,0.0
20140630,32.91,0.0
20140701,32.94,0.33
20140702,33.58,0.15
20140703,34.81,0.18
20140704,34.59,0.01
20140705,32.39,1.8
20140706,30.35,1.77
20140707,31.22,0.03
20140708,32.73,1.13
20140709,32.92,1.45
20140710,32.09,1.6
20140711,33.49,0.29
20140712,33.54,0.73
20140713,32.54,1.91
20140714,33.68,0.81
20140715,34.72,0.0
20140716,34.68,0.25
20140717,32.52,2.62
20140718,31.77,3.63
20140719,32.01,2.88
20140720,31.3,0.92
20140721,32.39,2.7
20140722,30.84,3.45
20140723,30.12,1.35
20140724,31.13,1.22
20140725,31.6,0.0
20140726,33.17,0.0
20140727,34.04,0.0
20140728,33.37,0.0
20140729,33.98,0.0
20140730,32.59,5.05
20140731,31.27,6.16
20140801,29.18,5.77
20140802,28.92,0.9
20140803,29.63,3.67
20140804,29.95,7.69
20140805,29.66,13.0
20140806,28.21,3.45
20140807,29.74,2.93
20140808,28.85,11.68
20140809,27.64,2.26
20140810,28.82,1.61
20140811,31.56,0.94
20140812,30.3,2.23
20140813,29.56,0.49
20140814,28.82,2.83
20140815,28.97,2.82
20140816,26.38,10.43
20140817,28.16,5.54
20140818,29.77,6.12
20140819,29.25,1.74
20140820,29.73,0.32
20140821,30.44,0.91
20140822,27.6,6.12
20140823,27.29,4.36
20140824,29.47,0.84
20140825,31.12,0.19
20140826,28.73,2.38
20140827,30.14,2.79
20140828,31.82,0.24
20140829,32.29,1.98
20140830,29.71,3.65
20140831,29.23,3.06
20140901,29.72,3.12
20140902,29.03,3.68
20140903,29.69,0.64
20140904,30.07,0.78
20140905,30.29,0.43
20140906,30.42,0.62
20140907,31.14,0.01
20140908,29.8,0.41
20140909,30.38,0.45
20140910,30.14,0.34
20140911,31.7,0.07
20140912,32.26,0.49
20140913,29.33,2.03
20140914,30.49,1.61
20140915,31.63,0.63
20140916,28.9,1.75
20140917,29.33,0.15
20140918,30.46,0.21
20140919,31.07,0.0
20140920,30.83,0.79
20140921,30.92,0.14
20140922,30.4,1.0
20140923,30.9,0.14
20140924,30.31,0.0
20140925,31.2,0.13
20140926,30.92,0.33
20140927,31.05,4.38
20140928,30.52,2.02
20140929,28.77,1.22
20140930,30.63,1.79
20141001,27.6,2.97
20141002,28.3,0.7
20141003,27.72,0.0
20141004,28.49,0.0
20141005,29.24,0.0
20141006,28.9,0.0
20141007,28.11,0.0
20141008,28.75,0.0
20141009,29.35,0.0
20141010,29.55,0.0
20141011,29.06,0.0
20141012,29.66,0.0
20141013,28.51,0.0
20141014,28.65,0.0
20141015,28.27,0.0
20141016,27.74,0.0
20141017,28.99,0.04
20141018,29.8,0.0
20141019,27.84,0.0
20141020,26.24,0.0
20141021,25.61,0.0
20141022,25.75,0.0
20141023,26.93,0.0
20141024,27.74,0.0
20141025,28.35,0.0
20141026,28.46,0.0
20141027,28.32,0.0
20141028,28.47,0.0
20141029,28.23,0.0
20141030,27.57,0.0
20141031,26.99,0.0
20141101,26.48,0.0
20141102,26.07,0.0
20141103,25.9,0.0
20141104,27.52,0.0
20141105,28.79,0.0
20141106,28.84,0.0
20141107,28.94,0.0
20141108,27.05,0.0
20141109,26.33,0.0
20141110,25.67,0.0
20141111,25.39,0.0
20141112,26.39,0.0
20141113,25.88,0.0
20141114,25.62,0.0
20141115,24.71,0.0
20141116,24.23,0.0
20141117,25.03,0.0
20141118,25.73,0.0
20141119,24.53,0.0
20141120,22.91,0.0
20141121,21.46,0.0
20141122,21.19,0.0
20141123,21.06,0.0
20141124,20.81,0.0
20141125,20.3,0.0
20141126,20.07,0.0
20141127,20.38,0.0
20141128,20.62,0.0
20141129,20.69,0.0
20141130,21.14,0.0
20141201,19.89,0.0
20141202,18.8,0.0
20141203,20.05,0.0
20141204,21.52,0.0
20141205,21.63,0.0
20141206,21.22,0.0
20141207,20.8,0.0
20141208,21.55,0.0
20141209,20.29,0.0
20141210,22.32,0.0
20141211,18.19,0.0
20141212,16.15,0.0
20141213,17.9,0.0
20141214,19.64,0.0
20141215,21.25,0.0
20141216,21.29,0.0
20141217,21.22,0.0
20141218,20.97,0.0
20141219,21.36,0.0
20141220,20.85,0.0
20141221,18.73,0.0
20141222,17.38,0.0
20141223,16.82,0.0
20141224,16.12,0.0
20141225,15.5,0.0
20141226,15.04,0.0
20141227,14.95,0.0
20141228,16.1,0.0
20141229,17.22,0.0
20141230,18.08,0.0
20141231,17.83,0.0
20150101,15.19,0.0
20150102,14.65,0.0
20150103,14.07,0.0
20150104,13.88,0.0
20150105,13.53,0.0
20150106,12.62,0.0
20150107,13.52,0.0
20150108,14.45,0.0
20150109,14.66,0.0
20150110,14.13,0.0
20150111,13.73,0.0
20150112,12.85,0.0
20150113,13.76,0.0
20150114,15.06,0.0
20150115,15.23,0.0
20150116,15.07,0.0
20150117,15.67,0.0
20150118,16.23,0.0
20150119,17.43,0.0
20150120,20.07,0.0
20150121,21.6,0.0
20150122,22.82,0.0
20150123,23.55,0.0
20150124,22.27,0.0
20150125,20.56,0.0
20150126,20.61,0.0
20150127,19.84,0.0
20150128,17.34,0.0
20150129,16.39,0.0
20150130,17.15,0.0
20150131,19.28,0.0
20150201,21.9,0.0
20150202,22.69,0.0
20150203,23.29,0.0
20150204,23.58,0.0
20150205,24.47,0.0
20150206,26.06,0.0
20150207,24.37,0.0
20150208,24.56,0.0
20150209,24.79,0.0
20150210,24.2,0.0
20150211,24.09,0.0
20150212,22.9,0.0
20150213,23.39,0.0
20150214,25.17,0.0
20150215,26.13,0.0
20150216,23.44,0.0
20150217,22.27,0.0
20150218,22.47,0.0
20150219,23.99,0.0
20150220,24.3,0.0
20150221,25.95,0.0
20150222,24.21,0.0
20150223,25.15,0.0
20150224,19.62,0.0
20150225,17.53,0.0
20150226,20.33,0.0
20150227,19.42,0.0
20150228,21.02,0.0
20150301,21.44,0.0
20150302,21.81,0.0
20150303,22.45,0.0
20150304,22.41,0.0
20150305,22.77,0.0
20150306,23.29,0.0
20150307,25.51,0.0
20150308,25.37,0.0
20150309,25.65,0.0
20150310,25.61,0.0
20150311,24.95,0.0
20150312,22.62,0.0
20150313,23.32,0.0
20150314,25.55,0.0
20150315,27.34,0.0
20150316,28.04,0.0
20150317,26.6,0.0
20150318,27.86,0.0
20150319,28.99,0.0
20150320,29.34,0.0
20150321,29.34,0.0
20150322,29.87,0.0
20150323,30.04,0.0
20150324,31.04,0.0
20150325,30.79,0.0
20150326,31.43,0.0
20150327,29.69,0.0
20150328,24.97,0.0
20150329,23.01,0.0
20150330,22.79,0.0
20150331,24.24,0.0
20150401,26.36,0.1
20150402,27.21,0.0
20150403,27.87,0.0
20150404,28.38,0.0
20150405,28.54,0.0
20150406,29.48,0.0
20150407,31.25,0.0
20150408,32.36,0.0
20150409,31.36,0.0
20150410,28.66,0.0
20150411,26.29,0.0
20150412,24.73,0.0
20150413,24.27,0.0
20150414,23.91,0.0
20150415,23.15,0.0
20150416,22.77,0.0
20150417,24.05,0.0
20150418,25.74,0.0
20150419,26.21,0.0
20150420,25.71,0.0
20150421,26.12,0.0
20150422,27.42,0.0
20150423,28.28,0.0
20150424,29.25,0.0
20150425,29.68,0.0
20150426,28.34,0.0
20150427,28.26,0.0
20150428,28.49,0.0
20150429,29.28,0.0
20150430,29.74,0.0
20150501,30.95,0.0
20150502,31.78,0.0
20150503,32.99,0.0
20150504,32.06,0.0
20150505,31.21,0.0
20150506,31.65,0.0
20150507,30.96,0.0
20150508,30.54,0.0
20150509,32.06,0.0
20150510,31.58,0.0
20150511,31.96,0.0
20150512,31.71,0.0
20150513,31.35,0.0
20150514,30.6,0.0
20150515,31.14,0.0
20150516,31.96,0.0
20150517,32.34,0.0
20150518,33.49,0.0
20150519,33.46,0.0
20150520,33.76,0.0
20150521,33.71,0.0
20150522,33.18,0.0
20150523,33.27,0.0
20150524,32.78,0.0
20150525,32.94,0.0
20150526,33.05,0.0
20150527,33.37,0.0
20150528,33.83,0.0
20150529,34.04,0.0
20150530,33.32,0.0
20150531,33.69,0.0
20150601,34.69,0.0
20150602,34.65,0.0
20150603,35.31,0.0
20150604,35.36,0.0
20150605,34.5,0.0
20150606,34.76,0.0
20150607,34.79,0.0
20150608,34.77,0.0
20150609,34.76,0.0
20150610,35.5,0.0
20150611,34.85,0.0
20150612,34.99,0.0
20150613,34.57,0.0
20150614,33.8,0.02
20150615,35.08,0.0
20150616,34.7,0.0
20150617,34.58,0.0
20150618,33.34,0.0
20150619,33.13,0.0
20150620,33.55,0.0
20150621,33.09,0.0
20150622,34.59,0.0
20150623,34.51,0.0
20150624,33.38,0.0
20150625,33.13,0.0
20150626,32.83,0.03
20150627,32.99,0.0
20150628,34.36,0.0
20150629,33.93,0.0
20150630,34.69,0.0
20150701,35.17,0.0
20150702,33.2,0.0
20150703,33.77,2.69
20150704,32.32,0.76
20150705,32.81,0.33
20150706,33.01,0.0
20150707,33.79,0.0
20150708,34.49,0.06
20150709,34.89,0.19
20150710,35.3,0.0
20150711,34.32,0.0
20150712,34.7,0.0
20150713,34.24,0.0
20150714,34.24,0.01
20150715,33.57,0.19
20150716,33.4,0.0
20150717,33.54,0.0
20150718,33.33,0.0
20150719,31.64,12.44
20150720,30.98,0.08
20150721,28.93,9.71
20150722,30.98,0.0
20150723,31.93,0.33
20150724,32.5,0.05
20150725,32.44,0.0
20150726,33.24,0.07
20150727,33.94,0.03
20150728,32.75,0.7
20150729,30.48,6.93
20150730,30.74,0.3
20150731,31.29,1.79
20150801,31.97,0.58
20150802,30.61,2.32
20150803,28.02,5.22
20150804,28.89,2.98
20150805,30.69,2.07
20150806,29.31,0.73
20150807,27.42,27.79
20150808,29.74,0.24
20150809,28.9,12.86
20150810,28.84,0.42
20150811,30.73,0.06
20150812,32.15,0.12
20150813,31.74,0.49
20150814,29.26,2.26
20150815,30.35,2.56
20150816,30.84,1.0
20150817,31.33,1.27
20150818,29.53,17.66
20150819,30.62,1.14
20150820,30.15,0.01
20150821,31.92,0.0
20150822,32.56,0.0
20150823,32.81,0.0
20150824,28.6,0.89
20150825,28.89,3.18
20150826,29.81,0.42
20150827,30.65,1.41
20150828,30.07,1.76
20150829,29.0,5.52
20150830,30.16,0.68
20150831,31.05,0.61
20150901,29.77,0.51
20150902,27.6,2.93
20150903,29.05,3.93
20150904,31.08,0.0
20150905,31.24,0.0
20150906,32.07,0.0
20150907,32.2,0.0
20150908,30.48,0.44
20150909,30.45,2.63
20150910,31.27,0.29
20150911,32.86,0.0
20150912,32.13,0.0
20150913,32.48,0.02
20150914,31.5,0.67
20150915,27.87,5.09
20150916,28.76,0.66
20150917,29.11,0.23
20150918,30.04,0.04
20150919,29.58,8.0
20150920,30.6,1.05
20150921,32.13,0.0
20150922,31.47,0.0
20150923,31.93,0.0
20150924,32.77,0.0
20150925,32.37,0.01
20150926,31.87,0.0
20150927,32.11,0.0
20150928,32.27,0.0
20150929,32.41,0.01
20150930,32.56,0.0
20151001,32.24,0.0
20151002,31.53,0.0
20151003,31.58,0.07
20151004,31.42,0.38
20151005,31.42,0.0
20151006,31.34,0.0
20151007,30.35,0.0
20151008,30.25,0.17
20151009,30.48,0.25
20151010,30.72,0.0
20151011,31.07,0.0
20151012,30.47,0.0
20151013,29.94,0.0
20151014,30.78,0.0
20151015,29.86,0.0
20151016,29.92,0.0
20151017,30.08,0.0
20151018,29.6,0.0
20151019,29.29,0.0
20151020,29.7,0.0
20151021,28.57,0.0
20151022,28.42,0.0
20151023,29.13,0.0
20151024,29.31,0.0
20151025,28.36,0.0
20151026,27.93,0.0
20151027,27.16,0.0
20151028,26.94,0.0
20151029,26.8,0.0
20151030,25.53,0.0
20151031,26.15,0.0
20151101,26.72,0.0
20151102,26.44,0.0
20151103,24.65,0.0
20151104,23.3,0.0
20151105,23.13,0.0
20151106,23.61,0.0
20151107,24.54,0.0
20151108,25.35,0.0
20151109,25.96,0.0
20151110,25.31,0.0
20151111,23.98,0.0
20151112,23.45,0.0
20151113,23.35,0.0
20151114,23.0,0.0
20151115,21.58,0.0
20151116,20.28,0.0
20151117,21.14,0.0
20151118,22.18,0.0
20151119,22.26,0.0
20151120,22.05,0.0
20151121,21.3,0.0
20151122,21.14,0.0
20151123,21.99,0.0
20151124,24.11,0.0
20151125,23.86,0.0
20151126,22.56,0.0
20151127,21.5,0.0
20151128,21.29,0.0
20151129,20.9,0.0
20151130,20.95,0.0
20151201,19.24,0.0
20151202,18.82,0.0
20151203,17.58,0.0
20151204,17.1,0.0
20151205,17.03,0.0
20151206,17.15,0.0
20151207,17.37,0.0
20151208,16.63,0.0
20151209,16.47,0.0
20151210,15.87,0.0
20151211,16.05,0.0
20151212,15.29,0.0
20151213,15.57,0.0
20151214,16.6,0.0
20151215,16.23,0.0
20151216,15.93,0.0
20151217,14.78,0.0
20151218,14.8,0.0
20151219,14.72,0.0
20151220,15.14,0.0
20151221,15.22,0.0
20151222,15.12,0.0
20151223,14.35,0.0
20151224,14.95,0.0
20151225,15.07,0.0
20151226,14.93,0.0
20151227,15.56,0.0
20151228,15.44,0.0
20151229,14.9,0.0
20151230,15.03,0.0
20151231,15.19,0.0
20160101,15.22,0.0
20160102,15.3,0.0
20160103,15.6,0.0
20160104,16.25,0.0
20160105,17.91,0.0
20160106,18.19,0.0
20160107,18.08,0.0
20160108,18.35,0.0
20160109,19.54,0.0
20160110,20.31,0.0
20160111,19.74,0.0
20160112,17.96,0.0
20160113,17.69,0.0
20160114,17.74,0.0
20160115,18.45,0.0
20160116,17.97,0.0
20160117,18.03,0.0
20160118,16.2,0.0
20160119,15.33,0.0
20160120,15.61,0.0
20160121,16.71,0.0
20160122,17.88,0.0
20160123,16.91,0.0
20160124,16.08,0.0
20160125,16.18,0.0
20160126,16.2,0.0
20160127,15.68,0.0
20160128,15.67,0.0
20160129,15.76,0.0
20160130,16.2,0.0
20160131,15.41,0.0
20160201,16.14,0.0
20160202,17.82,0.0
20160203,18.46,0.0
20160204,19.39,0.0
20160205,18.66,0.0
20160206,17.99,0.0
20160207,17.52,0.0
20160208,17.3,0.0
20160209,17.28,0.0
20160210,16.63,0.0
20160211,17.14,0.0
20160212,17.01,0.0
20160213,17.64,0.0
20160214,18.24,0.0
20160215,20.67,0.0
20160216,24.32,0.0
20160217,26.21,0.0
20160218,25.73,0.0
20160219,23.76,0.0
20160220,23.74,0.0
20160221,23.27,0.0
20160222,21.68,0.0
20160223,21.18,0.0
20160224,21.01,0.0
20160225,21.6,0.0
20160226,22.65,0.0
20160227,23.73,0.0
20160228,28.13,0.0
20160229,29.0,0.0
20160301,28.84,0.0
20160302,26.56,0.0
20160303,23.7,0.0
20160304,24.43,0.0
20160305,26.33,0.0
20160306,29.06,0.0
20160307,29.98,0.0
20160308,29.25,0.0
20160309,30.4,0.0
20160310,30.6,0.0
20160311,29.74,0.0
20160312,28.41,0.0
20160313,29.79,0.0
20160314,30.53,0.0
20160315,29.8,0.17
20160316,31.66,0.0
20160317,29.71,0.02
20160318,30.86,0.01
20160319,30.53,0.22
20160320,31.56,0.0
20160321,33.07,0.0
20160322,32.73,0.0
20160323,33.36,0.0
20160324,33.47,0.0
20160325,31.9,0.0
20160326,29.3,0.0
20160327,27.39,0.0
20160328,27.16,0.0
20160329,28.37,0.0
20160330,28.72,0.0
20160331,28.04,0.0
20160401,27.68,0.0
20160402,29.75,0.0
20160403,31.03,0.0
20160404,31.56,0.0
20160405,31.21,0.0
20160406,31.45,0.0
20160407,31.95,0.01
20160408,33.47,0.0
20160409,34.84,0.0
20160410,35.14,0.01
20160411,34.99,0.0
20160412,34.67,0.0
20160413,34.17,0.0
20160414,33.15,0.0
20160415,32.38,0.0
20160416,32.4,0.0
20160417,32.81,0.0
20160418,33.05,0.0
20160419,32.69,0.0
20160420,31.92,0.0
20160421,31.21,0.0
20160422,30.06,0.0
20160423,29.84,0.0
20160424,30.22,0.0
20160425,32.18,0.0
20160426,32.47,0.0
20160427,33.3,0.0
20160428,33.68,0.0
20160429,34.29,0.0
20160430,33.49,0.0
20160501,32.64,0.0
20160502,31.71,0.0
20160503,31.78,0.0
20160504,32.39,0.0
20160505,33.55,0.0
20160506,33.4,0.0
20160507,34.35,0.0
20160508,35.08,0.0
20160509,36.01,0.0
20160510,35.82,0.0
20160511,35.37,0.0
20160512,34.97,0.0
20160513,34.02,0.0
20160514,34.08,0.0
20160515,34.97,0.0
20160516,34.26,0.0
20160517,34.84,0.0
20160518,34.74,0.0
20160519,36.04,0.0
20160520,36.42,0.0
20160521,34.45,0.09
20160522,33.94,0.48
20160523,32.05,0.31
20160524,34.01,0.03
20160525,34.48,0.0
20160526,34.65,0.0
20160527,35.92,0.0
20160528,33.67,0.0
20160529,32.53,0.0
20160530,30.97,0.0
20160531,31.11,0.0
20160601,32.54,0.0
20160602,33.74,0.0
20160603,35.47,0.0
20160604,35.02,0.0
20160605,35.43,0.0
20160606,35.26,0.0
20160607,35.67,0.0
20160608,35.89,0.0
20160609,35.84,0.0
20160610,34.26,0.77
20160611,34.08,0.03
20160612,35.36,0.0
20160613,35.68,0.0
20160614,34.54,0.15
20160615,34.05,0.0
20160616,34.0,0.65
20160617,32.6,0.55
20160618,33.38,0.05
20160619,35.0,0.0
20160620,31.19,0.32
20160621,29.44,2.34
20160622,31.35,0.01
20160623,33.93,0.0
20160624,35.12,0.0
20160625,34.44,0.04
20160626,34.8,0.0
20160627,34.74,0.0
20160628,33.55,0.01
20160629,30.39,13.83
20160630,30.79,3.93
20160701,32.16,0.71
20160702,34.22,0.0
20160703,34.22,0.0
20160704,34.84,0.0
20160705,34.82,0.03
20160706,33.5,0.0
20160707,34.49,0.0
20160708,35.04,0.0
20160709,31.47,5.01
20160710,29.3,2.13
20160711,31.55,0.1
20160712,32.93,0.33
20160713,32.79,0.09
20160714,32.13,0.0
20160715,33.36,0.31
20160716,28.33,20.39
20160717,28.1,4.51
20160718,28.6,7.63
20160719,30.12,3.14
20160720,30.24,0.02
20160721,30.59,1.35
20160722,31.12,0.69
20160723,30.78,2.52
20160724,31.89,1.37
20160725,31.53,1.34
20160726,29.8,3.33
20160727,28.62,3.7
20160728,30.02,0.18
20160729,31.64,0.2
20160730,31.34,2.34
20160731,29.9,1.77
20160801,30.78,0.51
20160802,30.05,37.83
20160803,28.6,16.7
20160804,30.25,0.32
20160805,31.72,0.0
20160806,30.43,0.43
20160807,26.73,7.67
20160808,26.63,8.2
20160809,27.44,4.58
20160810,28.29,1.58
20160811,30.11,0.0
20160812,30.97,0.02
20160813,31.33,0.03
20160814,30.36,1.63
20160815,29.29,15.81
20160816,28.71,0.59
20160817,29.87,1.37
20160818,29.37,3.78
20160819,31.07,0.03
20160820,31.67,0.0
20160821,30.71,0.19
20160822,29.14,6.06
20160823,29.46,0.31
20160824,28.98,0.38
20160825,29.15,1.32
20160826,27.83,8.51
20160827,26.82,4.88
20160828,27.59,2.21
20160829,30.26,0.03
20160830,32.04,0.0
20160831,29.63,0.0
20160901,29.92,0.67
20160902,29.75,0.3
20160903,29.71,0.23
20160904,30.97,0.34
20160905,31.07,0.0
20160906,31.68,0.0
20160907,29.71,0.25
20160908,30.3,3.69
20160909,29.56,2.39
20160910,30.16,1.71
20160911,30.8,0.01
20160912,31.07,0.15
20160913,27.59,4.58
20160914,28.85,0.62
20160915,30.53,0.08
20160916,31.01,0.0
20160917,30.76,0.0
20160918,31.79,0.0
20160919,31.72,0.0
20160920,31.13,0.0
20160921,29.98,2.12
20160922,31.0,0.05
20160923,31.17,0.0
20160924,31.06,0.03
20160925,31.68,0.0
20160926,31.09,0.02
20160927,30.98,0.0
20160928,30.34,0.0
20160929,29.96,0.0
20160930,30.22,0.0
20161001,30.12,0.0
20161002,29.92,0.0
20161003,29.21,0.0
20161004,29.0,0.0
20161005,29.48,0.0
20161006,29.99,0.01
20161007,30.35,0.0
20161008,29.77,0.0
20161009,29.26,0.0
20161010,28.83,0.0
20161011,29.75,0.0
20161012,30.16,0.0
20161013,29.53,0.0
20161014,28.95,0.0
20161015,28.3,0.0
20161016,27.75,0.0
20161017,27.57,0.0
20161018,27.49,0.0
20161019,27.93,0.0
20161020,28.24,0.0
20161021,27.95,0.0
20161022,27.17,0.0
20161023,26.24,0.0
20161024,25.38,0.0
20161025,25.46,0.0
20161026,25.48,0.0
20161027,25.24,0.0
20161028,24.64,0.0
20161029,25.33,0.0
20161030,26.73,0.0
20161031,27.24,0.0
20161101,27.98,0.0
20161102,27.88,0.0
20161103,25.2,0.0
20161104,24.14,0.0
20161105,24.03,0.0
20161106,22.77,0.0
20161107,22.49,0.0
20161108,23.07,0.0
20161109,23.35,0.0
20161110,22.73,0.0
20161111,22.64,0.0
20161112,23.02,0.0
20161113,23.82,0.0
20161114,23.81,0.0
20161115,23.99,0.0
20161116,23.97,0.0
20161117,24.46,0.0
20161118,24.96,0.0
20161119,25.27,0.0
20161120,25.93,0.0
20161121,26.55,0.0
20161122,25.89,0.0
20161123,26.86,0.0
20161124,26.57,0.0
20161125,25.45,0.0
20161126,25.16,0.0
20161127,25.11,0.0
20161128,24.41,0.0
20161129,24.25,0.0
20161130,24.64,0.0
20161201,24.35,0.0
20161202,21.96,0.0
20161203,21.01,0.0
20161204,21.23,0.0
20161205,22.33,0.0
20161206,23.24,0.0
20161207,24.1,0.0
20161208,24.79,0.0
20161209,24.64,0.0
20161210,23.59,0.0
20161211,21.96,0.0
20161212,20.74,0.0
20161213,21.18,0.0
20161214,21.27,0.0
20161215,21.0,0.0
20161216,20.72,0.0
20161217,21.55,0.0
20161218,21.3,0.0
20161219,20.7,0.0
20161220,20.81,0.0
20161221,20.76,0.0
20161222,19.62,0.0
20161223,19.43,0.0
20161224,18.47,0.0
20161225,17.25,0.0
20161226,16.76,0.0
20161227,17.22,0.0
20161228,17.83,0.0
20161229,17.61,0.0
20161230,17.48,0.0
20161231,17.21,0.0
20170101,16.22,0.0
20170102,16.44,0.0
20170103,17.34,0.0
20170104,17.41,0.0
20170105,17.94,0.0
20170106,18.55,0.0
20170107,18.92,0.0
20170108,17.05,0.0
20170109,14.5,0.0
20170110,15.36,0.0
20170111,18.54,0.0
20170112,21.83,0.0
20170113,20.16,0.0
20170114,18.22,0.0
20170115,17.53,0.0
20170116,19.12,0.0
20170117,20.62,0.0
20170118,21.82,0.0
20170119,22.96,0.0
20170120,21.99,0.0
20170121,23.7,0.0
20170122,25.0,0.0
20170123,26.39,0.0
20170124,24.7,0.0
20170125,22.64,0.0
20170126,21.14,0.0
20170127,21.3,0.0
20170128,21.03,0.0
20170129,20.69,0.0
20170130,19.33,0.0
20170131,17.94,0.0
20170201,18.43,0.0
20170202,20.93,0.0
20170203,21.08,0.0
20170204,21.0,0.0
20170205,20.72,0.0
20170206,20.55,0.0
20170207,20.09,0.0
20170208,19.15,0.0
20170209,20.18,0.0
20170210,21.06,0.0
20170211,21.47,0.0
20170212,21.37,0.0
20170213,21.26,0.0
20170214,20.27,0.0
20170215,18.92,0.0
20170216,18.3,0.0
20170217,17.47,0.0
20170218,16.32,0.0
20170219,17.01,0.0
20170220,18.5,0.0
20170221,20.01,0.0
20170222,21.28,0.0
20170223,21.56,0.0
20170224,22.13,0.0
20170225,21.6,0.0
20170226,21.62,0.0
20170227,22.65,0.0
20170228,24.36,0.0
20170301,25.64,0.0
20170302,25.41,0.0
20170303,24.79,0.0
20170304,25.4,0.0
20170305,26.33,0.0
20170306,25.28,0.0
20170307,25.37,0.0
20170308,24.75,0.0
20170309,23.54,0.0
20170310,21.08,0.0
20170311,19.87,0.0
20170312,20.89,0.0
20170313,22.37,0.0
20170314,23.77,0.0
20170315,22.93,0.0
20170316,23.03,0.0
20170317,26.08,0.0
20170318,24.74,0.0
20170319,25.32,0.0
20170320,26.13,0.0
20170321,27.74,0.0
20170322,29.33,0.0
20170323,28.31,0.0
20170324,29.76,0.0
20170325,29.57,0.0
20170326,27.59,0.0
20170327,26.15,0.0
20170328,26.12,0.0
20170329,26.33,0.0
20170330,27.38,0.0
20170331,28.18,0.0
20170401,27.64,0.0
20170402,27.36,0.0
20170403,27.81,0.0
20170404,27.89,0.0
20170405,30.12,0.0
20170406,31.06,0.0
20170407,30.67,0.03
20170408,31.24,0.0
20170409,32.08,0.0
20170410,32.42,0.0
20170411,31.47,0.0
20170412,29.09,0.0
20170413,27.26,0.0
20170414,26.35,0.0
20170415,25.95,0.0
20170416,26.33,0.0
20170417,27.51,0.0
20170418,28.33,0.0
20170419,29.35,0.0
20170420,29.71,0.0
20170421,30.07,0.0
20170422,31.1,0.0
20170423,31.61,0.0
20170424,31.57,0.0
20170425,32.4,0.0
20170426,32.73,0.0
20170427,33.79,0.0
20170428,33.86,0.0
20170429,33.21,0.0
20170430,33.15,0.0
20170501,33.13,0.0
20170502,32.55,0.0
20170503,33.46,0.0
20170504,32.84,0.0
20170505,33.55,0.0
20170506,34.16,0.0
20170507,33.48,0.0
20170508,33.95,0.0
20170509,33.24,0.0
20170510,33.22,0.02
20170511,33.82,0.0
20170512,34.79,0.0
20170513,33.75,0.0
20170514,33.32,0.0
20170515,32.88,0.0
20170516,32.43,0.0
20170517,34.01,0.05
20170518,34.14,0.0
20170519,33.72,0.0
20170520,34.0,0.0
20170521,33.92,0.0
20170522,34.14,0.0
20170523,33.29,0.0
20170524,33.08,0.32
20170525,31.62,0.89
20170526,34.18,0.07
20170527,34.37,0.0
20170528,34.51,0.0
20170529,35.66,0.0
20170530,34.86,0.0
20170531,33.51,0.0
20170601,34.2,0.0
20170602,35.48,0.0
20170603,35.94,0.0
20170604,34.87,0.0
20170605,34.4,0.0
20170606,34.68,0.0
20170607,34.04,0.37
20170608,35.02,0.0
20170609,35.83,0.0
20170610,35.73,0.0
20170611,36.17,0.0
20170612,35.12,0.0
20170613,31.8,0.17
20170614,31.45,1.42
20170615,33.3,0.0
20170616,35.21,0.0
20170617,33.83,0.03
20170618,30.74,2.47
20170619,33.65,0.06
20170620,33.39,0.04
20170621,33.72,0.0
20170622,34.74,0.0
20170623,34.32,0.15
20170624,31.44,10.73
20170625,31.89,0.6
20170626,33.85,0.0
20170627,34.45,0.0
20170628,33.86,0.0
20170629,31.46,0.09
20170630,33.47,0.01
20170701,34.28,0.0
20170702,34.53,0.01
20170703,33.11,0.43
20170704,33.47,0.0
20170705,32.97,0.0
20170706,31.46,4.05
20170707,30.39,0.74
20170708,32.67,0.0
20170709,28.91,15.15
20170710,26.87,2.37
20170711,28.39,0.43
20170712,30.64,0.02
20170713,32.13,0.09
20170714,32.19,0.06
20170715,32.34,0.12
20170716,32.07,0.0
20170717,31.95,5.08
20170718,30.24,3.12
20170719,30.94,2.6
20170720,31.91,0.0
20170721,33.1,0.0
20170722,31.07,1.57
20170723,31.11,0.58
20170724,31.61,1.84
20170725,28.93,8.65
20170726,29.96,0.85
20170727,31.48,0.25
20170728,32.75,0.0
20170729,32.42,0.0
20170730,32.76,0.03
20170731,33.25,0.0
20170801,31.93,0.0
20170802,31.66,2.05
20170803,32.18,0.6
20170804,29.82,3.81
20170805,29.41,1.66
20170806,30.45,1.35
20170807,28.29,5.08
20170808,28.52,3.96
20170809,29.76,2.64
20170810,31.35,1.27
20170811,32.35,0.0
20170812,31.37,0.0
20170813,30.55,0.02
20170814,29.08,2.14
20170815,32.4,0.0
20170816,32.24,0.0
20170817,28.54,1.07
20170818,26.97,10.68
20170819,27.29,11.75
20170820,29.65,0.91
20170821,31.06,4.22
20170822,27.22,3.71
20170823,28.68,0.98
20170824,30.89,0.02
20170825,32.68,0.0
20170826,31.2,0.0
20170827,30.36,0.18
20170828,30.82,0.0
20170829,31.21,0.05
20170830,28.89,1.29
20170831,27.94,5.45
20170901,29.8,0.04
20170902,31.56,0.0
20170903,30.99,0.0
20170904,29.29,1.32
20170905,30.42,0.74
20170906,31.3,0.0
20170907,31.02,0.22
20170908,31.33,0.04
20170909,31.39,0.0
20170910,31.65,0.0
20170911,32.48,0.0
20170912,32.24,0.0
20170913,31.5,0.0
20170914,30.6,0.0
20170915,28.46,4.81
20170916,30.24,0.46
20170917,30.33,0.0
20170918,30.86,0.0
20170919,30.96,0.63
20170920,31.71,0.31
20170921,31.92,0.19
20170922,31.68,0.0
20170923,30.92,0.0
20170924,30.57,0.0
20170925,30.4,0.0
20170926,29.94,0.0
20170927,30.26,0.0
20170928,31.15,0.0
20170929,30.98,0.0
20170930,30.81,0.0
20171001,31.32,0.0
20171002,30.46,0.0
20171003,30.9,0.0
20171004,30.88,0.0
20171005,30.87,0.0
20171006,30.11,0.0
20171007,29.58,0.0
20171008,29.18,0.0
20171009,28.79,0.0
20171010,28.98,0.0
20171011,29.8,0.0
20171012,29.23,0.0
20171013,27.28,0.0
20171014,26.68,0.0
20171015,26.38,0.0
20171016,26.22,0.0
20171017,25.63,0.0
20171018,25.22,0.0
20171019,24.94,0.0
20171020,25.4,0.0
20171021,25.91,0.0
20171022,25.95,0.0
20171023,25.87,0.0
20171024,25.86,0.0
20171025,26.17,0.0
20171026,25.38,0.0
20171027,23.36,0.0
20171028,23.89,0.0
20171029,25.05,0.0
20171030,25.7,0.0
20171031,25.12,0.0
20171101,24.62,0.0
20171102,25.05,0.0
20171103,23.93,0.0
20171104,23.22,0.0
20171105,22.51,0.0
20171106,21.8,0.0
20171107,22.2,0.0
20171108,22.31,0.0
20171109,22.17,0.0
20171110,21.5,0.0
20171111,21.4,0.0
20171112,21.79,0.0
20171113,21.94,0.0
20171114,23.91,0.0
20171115,24.97,0.0
20171116,25.08,0.0
20171117,24.93,0.0
20171118,25.67,0.0
20171119,26.33,0.0
20171120,26.2,0.0
20171121,24.1,0.0
20171122,23.73,0.0
20171123,22.53,0.0
20171124,21.99,0.0
20171125,22.16,0.0
20171126,21.69,0.0
20171127,20.68,0.0
20171128,20.76,0.0
20171129,21.44,0.0
20171130,21.24,0.0
20171201,20.56,0.0
20171202,20.26,0.0
20171203,21.53,0.0
20171204,21.94,0.0
20171205,21.04,0.0
20171206,21.13,0.0
20171207,20.86,0.0
20171208,18.54,0.0
20171209,18.69,0.0
20171210,17.68,0.0
20171211,18.01,0.0
20171212,19.4,0.0
20171213,22.86,0.0
20171214,22.59,0.0
20171215,22.29,0.0
20171216,21.37,0.0
20171217,20.53,0.0
20171218,19.99,0.0
20171219,22.58,0.0
20171220,24.64,0.0
20171221,26.26,0.0
20171222,23.08,0.0
20171223,18.09,0.0
20171224,17.6,0.0
20171225,18.69,0.0
20171226,19.04,0.0
20171227,18.79,0.0
20171228,18.91,0.0
20171229,17.78,0.0
20171230,17.01,0.0
20171231,17.77,0.0
20180101,17.14,0.0
20180102,16.3,0.0
20180103,15.95,0.0
20180104,16.05,0.0
20180105,15.97,0.0
20180106,15.97,0.0
20180107,17.35,0.0
20180108,17.97,0.0
20180109,17.8,0.0
20180110,17.53,0.0
20180111,16.55,0.0
20180112,15.64,0.0
20180113,15.53,0.0
20180114,15.48,0.0
20180115,16.2,0.0
20180116,16.19,0.0
20180117,15.82,0.0
20180118,16.05,0.0
20180119,17.0,0.0
20180120,17.22,0.0
20180121,16.57,0.0
20180122,15.45,0.0
20180123,15.28,0.0
20180124,16.19,0.0
20180125,16.62,0.0
20180126,17.34,0.0
20180127,16.89,0.0
20180128,17.66,0.0
20180129,17.73,0.0
20180130,17.32,0.0
20180131,17.17,0.0
20180201,17.85,0.0
20180202,18.78,0.0
20180203,20.32,0.0
20180204,21.39,0.0
20180205,21.77,0.0
20180206,21.72,0.0
20180207,21.87,0.0
20180208,23.37,0.0
20180209,25.37,0.0
20180210,23.96,0.0
20180211,24.49,0.0
20180212,22.42,0.0
20180213,20.63,0.0
20180214,21.75,0.0
20180215,21.95,0.0
20180216,20.52,0.0
20180217,20.32,0.0
20180218,21.34,0.0
20180219,22.57,0.0
20180220,25.07,0.0
20180221,27.34,0.0
20180222,27.34,0.0
20180223,29.08,0.0
20180224,27.96,0.0
20180225,27.63,0.0
20180226,29.05,0.0
20180227,27.59,0.0
20180228,26.01,0.0
20180301,24.22,0.0
20180302,24.29,0.0
20180303,26.09,0.0
20180304,26.28,0.0
20180305,26.53,0.0
20180306,27.83,0.0
20180307,28.67,0.0
20180308,28.74,0.0
20180309,27.89,0.0
20180310,26.87,0.0
20180311,27.05,0.0
20180312,26.82,0.0
20180313,26.81,0.0
20180314,26.75,0.0
20180315,26.44,0.0
20180316,26.64,0.0
20180317,26.94,0.0
20180318,27.15,0.0
20180319,27.58,0.0
20180320,28.11,0.0
20180321,30.43,0.0
20180322,31.3,0.0
20180323,29.0,0.0
20180324,23.96,0.0
20180325,24.28,0.0
20180326,27.21,0.0
20180327,28.91,0.0
20180328,26.58,0.0
20180329,24.3,0.0
20180330,25.23,0.0
20180331,26.66,0.0
20180401,27.06,0.0
20180402,28.21,0.0
20180403,27.63,0.0
20180404,27.54,0.0
20180405,27.86,0.0
20180406,28.28,0.0
20180407,28.31,0.0
20180408,28.2,0.0
20180409,28.3,0.0
20180410,27.88,0.0
20180411,28.44,0.0
20180412,29.46,0.0
20180413,31.61,0.0
20180414,32.64,0.0
20180415,33.46,0.0
20180416,33.02,0.0
20180417,32.66,0.0
20180418,32.51,0.0
20180419,33.29,0.0
20180420,33.03,0.0
20180421,31.82,0.0
20180422,32.71,0.0
20180423,32.59,0.0
20180424,32.6,0.0
20180425,32.96,0.0
20180426,33.47,0.0
20180427,33.52,0.0
20180428,33.63,0.0
20180429,34.36,0.0
20180430,34.55,0.0
20180501,35.61,0.0
20180502,35.48,0.01
20180503,33.75,0.0
20180504,33.46,0.0
20180505,34.61,0.0
20180506,34.35,0.0
20180507,34.3,0.0
20180508,34.24,0.0
20180509,35.33,0.0
20180510,34.31,0.18
20180511,34.85,0.0
20180512,35.3,0.44
20180513,34.35,0.0
20180514,35.28,0.0
20180515,35.01,0.0
20180516,34.41,0.0
20180517,34.43,0.0
20180518,34.64,0.0
20180519,35.43,0.0
20180520,36.33,0.0
20180521,34.3,0.0
20180522,34.1,0.0
20180523,35.47,0.0
20180524,34.67,0.0
20180525,34.76,0.0
20180526,34.14,2.75
20180527,34.14,0.22
20180528,33.79,0.0
20180529,34.37,0.0
20180530,34.94,0.01
20180531,33.89,0.0
20180601,33.65,0.0
20180602,34.09,0.0
20180603,34.18,0.0
20180604,35.7,0.0
20180605,36.01,0.0
20180606,35.38,0.0
20180607,34.71,0.0
20180608,34.48,0.0
20180609,34.15,0.0
20180610,33.6,0.0
20180611,34.0,0.0
20180612,34.98,0.0
20180613,34.67,0.0
20180614,35.4,0.0
20180615,35.26,0.03
20180616,36.28,0.0
20180617,36.08,0.0
20180618,35.27,0.0
20180619,33.65,0.0
20180620,29.61,5.77
20180621,28.0,13.0
20180622,29.61,1.15
20180623,31.37,0.54
20180624,32.01,0.74
20180625,33.08,0.0
20180626,34.14,0.0
20180627,34.05,0.0
20180628,33.91,0.1
20180629,33.48,6.37
20180630,28.39,9.58
20180701,30.25,0.71
20180702,29.31,11.48
20180703,30.73,0.0
20180704,32.12,0.01
20180705,33.86,0.0
20180706,33.65,0.01
20180707,31.93,3.52
20180708,31.79,0.31
20180709,32.42,0.0
20180710,31.77,0.77
20180711,32.28,0.5
20180712,32.24,0.06
20180713,32.65,0.0
20180714,32.78,0.01
20180715,33.37,0.09
20180716,31.94,13.88
20180717,29.22,0.72
20180718,30.45,0.74
20180719,32.42,0.09
20180720,31.88,1.62
20180721,31.03,0.34
20180722,31.69,0.62
20180723,32.88,0.0
20180724,32.86,0.01
20180725,30.38,7.53
20180726,30.81,0.98
20180727,32.29,0.0
20180728,30.35,5.92
20180729,29.69,13.44
20180730,29.25,1.72
20180731,28.83,1.67
20180801,29.08,0.02
20180802,28.4,13.29
20180803,27.43,3.35
20180804,27.79,3.2
20180805,29.28,7.11
20180806,26.99,7.3
20180807,27.25,4.02
20180808,28.5,0.06
20180809,28.76,7.41
20180810,27.43,13.05
20180811,29.05,0.82
20180812,30.07,1.78
20180813,27.29,2.41
20180814,27.86,0.96
20180815,30.07,0.06
20180816,30.64,2.35
20180817,29.63,14.03
20180818,29.77,0.22
20180819,29.85,1.09
20180820,30.05,0.06
20180821,29.57,0.42
20180822,28.61,2.01
20180823,29.2,2.92
20180824,29.43,1.67
20180825,26.85,4.44
20180826,25.51,8.28
20180827,28.97,0.01
20180828,29.93,0.06
20180829,29.28,0.23
20180830,29.52,5.97
20180831,28.8,5.64
20180901,28.97,3.66
20180902,28.62,17.1
20180903,27.4,5.73
20180904,29.28,0.03
20180905,29.06,0.11
20180906,28.0,1.71
20180907,27.29,5.38
20180908,26.99,6.12
20180909,28.48,1.2
20180910,27.08,6.2
20180911,27.76,0.01
20180912,29.24,0.0
20180913,29.3,0.0
20180914,27.59,0.94
20180915,26.96,0.71
20180916,29.34,0.0
20180917,29.53,0.0
20180918,30.29,0.0
20180919,30.58,0.0
20180920,31.12,0.0
20180921,31.13,0.0
20180922,30.72,0.01
20180923,30.59,0.0
20180924,30.49,0.0
20180925,30.33,0.03
20180926,30.49,0.0
20180927,30.06,0.0
20180928,29.16,2.98
20180929,30.37,0.05
20180930,31.37,0.0
20181001,30.86,0.54
20181002,30.5,0.09
20181003,31.22,0.02
20181004,30.65,0.0
20181005,29.84,1.28
20181006,31.21,0.0
20181007,30.79,0.0
20181008,30.63,0.0
20181009,30.73,0.0
20181010,30.01,0.0
20181011,29.54,0.0
20181012,30.28,0.0
20181013,30.2,0.0
20181014,30.7,0.01
20181015,30.93,0.0
20181016,30.23,0.0
20181017,29.72,0.0
20181018,29.19,0.0
20181019,28.48,0.0
20181020,27.72,0.0
20181021,27.73,0.0
20181022,28.07,0.0
20181023,28.52,0.0
20181024,29.06,0.0
20181025,30.21,0.0
20181026,29.77,0.01
20181027,29.98,14.18
20181028,28.99,0.0
20181029,29.01,0.0
20181030,28.34,0.0
20181031,27.32,0.0
20181101,25.41,0.0
20181102,24.22,0.0
20181103,25.12,0.0
20181104,25.51,0.0
20181105,25.62,0.0
20181106,25.65,0.0
20181107,24.87,0.0
20181108,23.96,0.0
20181109,23.6,0.0
20181110,23.55,0.0
20181111,23.08,0.0
20181112,22.99,0.0
20181113,23.16,0.0
20181114,22.38,0.0
20181115,21.87,0.0
20181116,22.56,0.0
20181117,22.99,0.0
20181118,23.93,0.0
20181119,24.23,0.0
20181120,24.22,0.0
20181121,22.67,0.0
20181122,22.25,0.0
20181123,22.22,0.0
20181124,22.28,0.0
20181125,21.26,0.0
20181126,20.75,0.0
20181127,21.38,0.0
20181128,20.99,0.0
20181129,20.41,0.0
20181130,19.79,0.0
20181201,19.53,0.0
20181202,20.55,0.0
20181203,20.87,0.0
20181204,19.97,0.0
20181205,20.35,0.0
20181206,19.6,0.0
20181207,18.73,0.0
20181208,18.65,0.0
20181209,17.57,0.0
20181210,16.93,0.0
20181211,18.27,0.0
20181212,19.4,0.0
20181213,21.02,0.0
20181214,20.89,0.0
20181215,21.79,0.0
20181216,20.55,0.0
20181217,17.84,0.0
20181218,16.95,0.0
20181219,16.66,0.0
20181220,17.06,0.0
20181221,16.94,0.0
20181222,16.67,0.0
20181223,15.89,0.0
20181224,16.08,0.0
20181225,15.47,0.0
20181226,15.47,0.0
20181227,15.47,0.0
20181228,16.91,0.0
20181229,16.99,0.0
20181230,17.94,0.0
20181231,17.36,0.0
20190101,18.22,0.0
20190102,16.1,0.0
20190103,15.97,0.0
20190104,17.25,0.0
20190105,16.36,0.0
20190106,14.95,0.0
20190107,15.05,0.0
20190108,14.52,0.0
20190109,14.79,0.0
20190110,16.56,0.0
20190111,19.64,0.0
20190112,20.56,0.0
20190113,17.56,0.0
20190114,15.38,0.0
20190115,13.72,0.0
20190116,14.4,0.0
20190117,16.09,0.0
20190118,18.22,0.0
20190119,21.11,0.0
20190120,22.53,0.0
20190121,21.66,0.0
20190122,23.12,0.0
20190123,22.85,0.0
20190124,20.47,0.0
20190125,21.49,0.0
20190126,20.46,0.0
20190127,18.12,0.0
20190128,17.61,0.0
20190129,18.14,0.0
20190130,17.82,0.0
20190131,17.95,0.0
20190201,19.25,0.0
20190202,21.3,0.0
20190203,23.44,0.0
20190204,24.07,0.0
20190205,18.71,0.0
20190206,15.07,0.0
20190207,14.53,0.0
20190208,16.2,0.0
20190209,17.16,0.0
20190210,17.36,0.0
20190211,17.64,0.0
20190212,18.26,0.0
20190213,18.11,0.0
20190214,16.21,0.0
20190215,15.11,0.0
20190216,15.49,0.0
20190217,17.29,0.0
20190218,18.77,0.0
20190219,20.03,0.0
20190220,21.69,0.0
20190221,23.49,0.0
20190222,24.8,0.0
20190223,24.82,0.0
20190224,22.09,0.0
20190225,21.47,0.0
20190226,22.66,0.0
20190227,23.58,0.0
20190228,26.23,0.0
20190301,27.64,0.0
20190302,24.57,0.0
20190303,23.31,0.0
20190304,22.99,0.0
20190305,23.04,0.0
20190306,24.77,0.0
20190307,24.91,0.0
20190308,26.02,0.0
20190309,28.38,0.0
20190310,29.1,0.0
20190311,27.58,0.0
20190312,27.41,0.0
20190313,26.51,0.0
20190314,26.07,0.0
20190315,26.13,0.0
20190316,26.23,0.0
20190317,26.39,0.03
20190318,28.02,0.0
20190319,28.5,0.0
20190320,29.79,0.0
20190321,31.04,0.0
20190322,30.56,0.0
20190323,29.48,0.0
20190324,27.31,0.0
20190325,27.51,0.0
20190326,27.09,0.0
20190327,27.46,0.0
20190328,28.17,0.0
20190329,29.12,0.0
20190330,29.04,0.0
20190331,27.74,0.0
20190401,28.69,0.0
20190402,29.67,0.0
20190403,30.04,0.0
20190404,29.64,0.0
20190405,30.73,0.0
20190406,33.57,0.0
20190407,33.38,0.0
20190408,31.8,0.0
20190409,31.08,0.0
20190410,32.17,0.0
20190411,32.67,0.0
20190412,31.31,0.0
20190413,30.82,0.0
20190414,30.57,0.0
20190415,28.61,0.0
20190416,26.86,0.0
20190417,26.1,0.0
20190418,27.54,0.0
20190419,29.0,0.0
20190420,30.6,0.0
20190421,31.49,0.0
20190422,31.4,0.0
20190423,32.23,0.0
20190424,31.76,0.0
20190425,30.97,0.0
20190426,31.27,0.0
20190427,30.74,0.0
20190428,30.63,0.0
20190429,30.7,0.0
20190430,32.99,0.0
20190501,34.03,0.0
20190502,33.87,0.0
20190503,34.9,0.02
20190504,33.92,0.0
20190505,35.27,0.0
20190506,34.51,0.0
20190507,35.57,0.0
20190508,34.78,0.0
20190509,33.5,0.0
20190510,33.51,1.2
20190511,33.79,0.0
20190512,33.41,0.0
20190513,33.37,0.0
20190514,32.96,0.0
20190515,34.24,0.0
20190516,34.86,0.0
20190517,34.08,0.0
20190518,33.42,0.0
20190519,33.95,0.0
20190520,34.67,0.0
20190521,32.44,0.15
20190522,33.95,0.0
20190523,35.01,0.0
20190524,34.99,0.0
20190525,34.57,0.0
20190526,34.3,0.0
20190527,35.79,0.0
20190528,35.85,0.0
20190529,35.66,0.0
20190530,32.15,6.37
20190531,30.33,7.78
20190601,31.76,2.08
20190602,33.48,0.01
20190603,34.27,0.06
20190604,35.36,0.01
20190605,35.65,0.0
20190606,35.19,0.0
20190607,34.93,3.03
20190608,30.74,13.43
20190609,31.64,0.11
20190610,32.65,0.0
20190611,32.51,0.0
20190612,33.73,0.0
20190613,33.55,4.3
20190614,33.34,0.0
20190615,32.66,0.0
20190616,33.15,0.0
20190617,33.69,0.0
20190618,34.69,0.0
20190619,34.53,0.0
20190620,34.92,0.0
20190621,34.93,0.0
20190622,34.94,0.0
20190623,34.06,0.0
20190624,34.07,0.01
20190625,33.05,0.27
20190626,33.11,0.01
20190627,32.51,0.02
20190628,32.51,0.02
20190629,33.32,0.0
20190630,35.15,0.0
20190701,35.58,0.0
20190702,34.7,0.0
20190703,33.07,0.14
20190704,34.05,1.35
20190705,32.6,0.05
20190706,32.56,0.0
20190707,34.11,0.0
20190708,33.1,0.0
20190709,30.81,1.59
20190710,32.05,1.7
20190711,33.23,0.04
20190712,30.91,2.37
20190713,29.77,7.83
20190714,32.75,0.01
20190715,33.25,0.0
20190716,32.46,1.21
20190717,33.05,0.0
20190718,33.92,0.01
20190719,31.16,6.72
20190720,29.06,2.94
20190721,31.6,3.56
20190722,29.16,7.7
20190723,29.38,6.65
20190724,29.85,6.4
20190725,31.01,0.62
20190726,31.86,0.01
20190727,32.39,0.0
20190728,32.46,0.11
20190729,30.98,3.38
20190730,30.8,0.71
20190731,31.26,0.05
20190801,33.1,0.0
20190802,29.42,1.25
20190803,30.44,1.37
20190804,30.08,6.59
20190805,28.54,5.57
20190806,29.29,3.35
20190807,29.79,5.18
20190808,30.7,0.36
20190809,29.37,9.01
20190810,29.42,0.59
20190811,30.04,3.37
20190812,29.71,5.01
20190813,30.29,0.96
20190814,30.42,4.89
20190815,29.13,9.56
20190816,27.15,17.15
20190817,28.1,2.17
20190818,29.69,0.4
20190819,29.4,0.26
20190820,27.44,4.78
20190821,25.04,97.71
20190822,26.25,0.46
20190823,26.78,1.48
20190824,26.18,20.06
20190825,25.27,14.02
20190826,26.46,6.5
20190827,27.36,2.21
20190828,27.27,0.44
20190829,27.15,12.66
20190830,28.71,1.0
20190831,28.21,0.83
20190901,27.8,19.14
20190902,28.1,0.78
20190903,29.43,0.04
20190904,30.08,0.01
20190905,29.47,1.3
20190906,28.06,1.05
20190907,27.4,21.08
20190908,28.44,0.03
20190909,28.51,0.0
20190910,27.88,1.57
20190911,28.42,0.25
20190912,29.41,0.0
20190913,29.54,0.0
20190914,29.29,0.02
20190915,28.76,1.61
20190916,27.09,2.69
20190917,28.48,1.78
20190918,28.96,0.0
20190919,29.2,0.0
20190920,29.4,0.0
20190921,28.55,0.0
20190922,28.37,0.0
20190923,28.1,0.0
20190924,29.02,0.0
20190925,29.23,0.0
20190926,29.42,0.0
20190927,29.23,0.0
20190928,28.82,0.0
20190929,28.62,0.0
20190930,29.27,0.05
20191001,28.85,2.61
20191002,29.08,0.0
20191003,28.11,0.0
20191004,28.68,0.0
20191005,28.79,0.02
20191006,29.29,0.79
20191007,28.53,0.68
20191008,28.19,2.82
20191009,27.45,4.34
20191010,27.14,5.45
20191011,28.84,0.0
20191012,29.79,0.0
20191013,28.39,0.0
20191014,27.88,0.0
20191015,29.45,0.0
20191016,29.1,0.01
20191017,29.05,0.0
20191018,29.28,0.0
20191019,28.2,0.11
20191020,27.96,1.03
20191021,29.1,0.0
20191022,28.88,0.0
20191023,27.12,0.0
20191024,26.4,0.0
20191025,27.17,0.0
20191026,27.92,0.0
20191027,28.32,0.0
20191028,27.61,0.0
20191029,27.2,0.0
20191030,26.86,0.0
20191031,25.88,0.0
20191101,25.1,0.0
20191102,24.94,0.0
20191103,24.92,0.0
20191104,25.01,0.0
20191105,25.15,0.0
20191106,25.29,0.0
20191107,24.81,0.0
20191108,24.61,0.0
20191109,25.0,0.0
20191110,25.99,0.0
20191111,27.29,0.0
20191112,29.1,0.13
20191113,24.54,1.94
20191114,23.23,0.0
20191115,24.08,0.0
20191116,24.82,0.0
20191117,25.29,0.0
20191118,25.97,0.0
20191119,26.41,0.0
20191120,26.19,0.0
20191121,25.22,0.0
20191122,25.02,0.0
20191123,25.14,0.0
20191124,25.18,0.0
20191125,25.34,0.0
20191126,25.1,0.0
20191127,24.47,0.0
20191128,23.51,0.0
20191129,22.95,0.0
20191130,22.56,0.0
20191201,21.64,0.0
20191202,20.53,0.0
20191203,20.34,0.0
20191204,20.41,0.0
20191205,19.84,0.0
20191206,19.71,0.0
20191207,19.89,0.0
20191208,20.09,0.0
20191209,19.17,0.0
20191210,18.51,0.0
20191211,18.79,0.0
20191212,18.23,0.0
20191213,16.2,0.0
20191214,15.34,0.0
20191215,16.39,0.0
20191216,17.55,0.0
20191217,18.93,0.0
20191218,19.32,0.0
20191219,18.56,0.0
20191220,17.83,0.0
20191221,17.49,0.0
20191222,17.64,0.0
20191223,16.97,0.0
20191224,15.93,0.0
20191225,15.77,0.0
20191226,15.74,0.0
20191227,15.72,0.0
20191228,15.25,0.0
20191229,15.68,0.0
20191230,15.1,0.0
20191231,14.66,0.0
20200101,11.99,0.0
20200102,9.52,0.0
20200103,11.14,0.0
20200104,12.75,0.0
20200105,14.12,0.0
20200106,15.36,0.0
20200107,17.37,0.0
20200108,17.9,0.0
20200109,18.02,0.0
20200110,20.27,0.0
20200111,20.31,0.0
20200112,20.25,0.0
20200113,23.89,0.0
20200114,21.09,0.0
20200115,16.57,0.0
20200116,15.02,0.0
20200117,15.44,0.0
20200118,16.18,0.0
20200119,16.52,0.0
20200120,18.6,0.0
20200121,19.03,0.0
20200122,18.6,0.0
20200123,18.23,0.0
20200124,17.84,0.0
20200125,17.22,0.0
20200126,16.98,0.0
20200127,17.05,0.0
20200128,17.84,0.0
20200129,18.39,0.0
20200130,18.99,0.0
20200131,18.89,0.0
20200201,18.41,0.0
20200202,18.59,0.0
20200203,18.14,0.0
20200204,17.82,0.0
20200205,17.78,0.0
20200206,17.94,0.0
20200207,18.63,0.0
20200208,18.71,0.0
20200209,20.7,0.0
20200210,20.7,0.0
20200211,18.37,0.0
20200212,17.02,0.0
20200213,17.24,0.0
20200214,18.75,0.0
20200215,19.16,0.0
20200216,20.0,0.0
20200217,19.84,0.0
20200218,19.46,0.0
20200219,19.04,0.0
20200220,19.8,0.0
20200221,20.77,0.0
20200222,21.22,0.0
20200223,21.37,0.0
20200224,19.83,0.0
20200225,19.03,0.0
20200226,19.89,0.0
20200227,21.9,0.0
20200228,23.19,0.0
20200229,24.68,0.0
20200301,25.23,0.0
20200302,26.42,0.0
20200303,26.04,0.0
20200304,25.45,0.0
20200305,24.96,0.0
20200306,24.05,0.0
20200307,25.03,0.0
20200308,26.79,0.0
20200309,26.36,0.0
20200310,26.82,0.0
20200311,25.75,0.0
20200312,19.71,0.0
20200313,19.84,0.0
20200314,21.29,0.0
20200315,22.26,0.0
20200316,23.67,0.0
20200317,25.49,0.0
20200318,26.38,0.0
20200319,27.37,0.0
20200320,28.39,0.0
20200321,29.71,0.0
20200322,31.83,0.0
20200323,31.84,0.0
20200324,31.65,0.0
20200325,31.57,0.0
20200326,30.09,0.0
20200327,29.5,0.0
20200328,29.49,0.0
20200329,29.72,0.0
20200330,30.64,0.0
20200331,31.09,0.0
20200401,31.91,0.0
20200402,33.21,0.0
20200403,33.62,0.0
20200404,34.57,0.0
20200405,34.55,0.0
20200406,34.35,0.0
20200407,33.11,0.0
20200408,29.58,0.0
20200409,28.02,0.0
20200410,28.44,0.0
20200411,28.91,0.0
20200412,28.88,0.0
20200413,29.17,0.0
20200414,29.31,0.0
20200415,29.32,0.0
20200416,29.48,0.0
20200417,29.23,0.0
20200418,28.83,0.0
20200419,30.54,0.0
20200420,31.33,0.0
20200421,32.5,0.0
20200422,32.79,0.0
20200423,32.87,0.0
20200424,33.04,0.0
20200425,33.08,0.0
20200426,33.01,0.0
20200427,32.9,0.0
20200428,34.62,0.0
20200429,34.71,0.0
20200430,34.66,0.0
20200501,34.69,0.0
20200502,33.94,0.0
20200503,33.76,0.0
20200504,32.71,0.0
20200505,31.82,0.0
20200506,30.22,0.0
20200507,31.26,0.0
20200508,32.77,0.0
20200509,33.42,0.01
20200510,32.01,0.0
20200511,31.37,0.0
20200512,31.19,0.0
20200513,31.68,0.0
20200514,31.98,0.0
20200515,33.01,0.0
20200516,34.28,0.0
20200517,33.67,0.0
20200518,33.02,0.0
20200519,33.04,0.0
20200520,33.32,0.0
20200521,34.44,0.0
20200522,33.37,1.28
20200523,33.97,0.05
20200524,34.76,0.01
20200525,33.6,2.14
20200526,34.14,0.02
20200527,32.64,0.0
20200528,32.14,0.0
20200529,32.22,0.0
20200530,33.19,0.0
20200531,33.79,0.0
20200601,34.36,0.0
20200602,34.05,0.0
20200603,35.02,0.0
20200604,35.39,0.0
20200605,35.43,0.0
20200606,34.96,0.0
20200607,35.19,0.0
20200608,34.97,0.0
20200609,35.21,0.0
20200610,34.46,0.01
20200611,34.43,0.0
20200612,34.43,0.0
20200613,34.87,0.0
20200614,35.71,0.0
20200615,34.62,0.0
20200616,35.27,0.0
20200617,33.82,0.0
20200618,32.95,0.0
20200619,31.92,0.0
20200620,33.62,0.0
20200621,33.07,0.0
20200622,32.54,0.0
20200623,32.98,0.0
20200624,34.11,0.0
20200625,33.73,0.0
20200626,33.69,0.0
20200627,33.36,0.0
20200628,33.44,0.0
20200629,34.0,0.6
20200630,33.08,0.01
20200701,33.02,0.0
20200702,34.44,0.0
20200703,33.98,0.0
20200704,32.32,0.91
20200705,29.73,18.9
20200706,31.67,0.0
20200707,32.36,0.0
20200708,32.39,0.01
20200709,32.25,0.04
20200710,32.93,0.0
20200711,30.94,0.17
20200712,29.21,14.88
20200713,30.18,1.73
20200714,30.18,0.9
20200715,30.07,3.89
20200716,31.03,0.23
20200717,28.66,9.15
20200718,26.9,6.07
20200719,29.44,0.01
20200720,31.22,0.0
20200721,28.97,11.02
20200722,29.42,6.62
20200723,31.57,1.51
20200724,29.87,0.39
20200725,30.27,0.82
20200726,31.74,0.0
20200727,28.6,0.21
20200728,30.07,0.37
20200729,30.46,3.71
20200730,28.86,0.05
20200731,30.13,0.13
20200801,29.59,0.37
20200802,29.54,3.46
20200803,27.54,2.83
20200804,26.75,10.9
20200805,29.11,0.69
20200806,28.73,1.07
20200807,28.5,5.78
20200808,27.07,13.02
20200809,27.11,25.64
20200810,27.91,6.95
20200811,26.08,7.37
20200812,27.13,9.63
20200813,29.03,6.6
20200814,29.31,0.08
20200815,28.9,4.87
20200816,29.83,0.07
20200817,30.45,0.0
20200818,30.84,0.0
20200819,30.96,0.0
20200820,31.31,0.0
20200821,29.33,0.01
20200822,29.22,0.58
20200823,28.02,6.21
20200824,28.68,1.19
20200825,27.82,2.16
20200826,27.61,9.63
20200827,28.53,0.47
20200828,28.56,2.92
20200829,26.12,53.68
20200830,25.94,7.53
20200831,27.84,0.02
20200901,28.35,0.38
20200902,27.06,9.58
20200903,26.23,8.33
20200904,27.15,0.75
20200905,28.36,0.03
20200906,27.88,1.09
20200907,27.55,5.88
20200908,28.98,0.12
20200909,28.02,5.97
20200910,27.37,1.6
20200911,28.77,1.68
20200912,29.63,0.03
20200913,28.39,0.0
20200914,28.92,0.0
20200915,28.1,3.46
20200916,27.87,2.45
20200917,27.44,1.79
20200918,28.86,0.03
20200919,29.55,0.0
20200920,28.59,0.01
20200921,26.42,4.49
20200922,28.48,0.01
20200923,29.09,0.0
20200924,28.97,0.0
20200925,29.48,0.02
20200926,29.98,0.0
20200927,28.45,0.23
20200928,29.32,0.0
20200929,29.8,0.03
20200930,28.43,0.31
20201001,28.34,0.0
20201002,29.52,0.05
20201003,28.79,1.03
20201004,29.18,0.0
20201005,29.62,0.0
20201006,29.71,0.0
20201007,28.18,1.12
20201008,27.94,0.2
20201009,28.75,0.0
20201010,29.02,0.0
20201011,28.29,0.0
20201012,28.04,0.0
20201013,27.99,0.0
20201014,28.97,0.0
20201015,29.35,0.0
20201016,29.44,0.0
20201017,29.27,0.0
20201018,28.8,0.0
20201019,27.87,0.0
20201020,26.97,0.0
20201021,26.57,0.0
20201022,26.17,0.0
20201023,25.19,0.0
20201024,25.05,0.0
20201025,24.36,0.0
20201026,23.64,0.0
20201027,23.87,0.0
20201028,24.26,0.0
20201029,24.79,0.0
20201030,24.99,0.0
20201031,24.2,0.0
20201101,23.09,0.0
20201102,23.76,0.0
20201103,24.11,0.59
20201104,24.62,5.98
20201105,23.63,0.0
20201106,21.95,0.0
20201107,21.16,0.0
20201108,20.84,0.0
20201109,21.17,0.0
20201110,21.46,0.0
20201111,21.38,0.0
20201112,21.79,0.0
20201113,22.74,0.0
20201114,23.92,0.0
20201115,22.73,0.0
20201116,22.04,0.0
20201117,21.27,0.0
20201118,20.36,0.0
20201119,19.89,0.0
20201120,19.94,0.0
20201121,20.37,0.0
20201122,21.52,0.0
20201123,23.02,0.0
20201124,23.75,0.0
20201125,22.21,0.0
20201126,21.74,0.0
20201127,21.97,0.0
20201128,22.38,0.0
20201129,22.31,0.0
20201130,21.69,0.0
20201201,22.04,0.0
20201202,21.43,0.0
20201203,21.43,0.0
20201204,23.24,0.0
20201205,24.54,0.0
20201206,25.38,0.0
20201207,25.02,0.0
20201208,24.51,0.0
20201209,23.63,0.0
20201210,23.95,0.0
20201211,23.77,0.0
20201212,24.39,0.0
20201213,24.03,0.0
20201214,23.12,0.0
20201215,21.93,0.0
20201216,20.14,0.0
20201217,19.45,0.0
20201218,20.51,0.0
20201219,20.91,0.0
20201220,21.11,0.0
20201221,21.53,0.0
20201222,22.37,0.0
20201223,22.01,0.0
20201224,19.86,0.0
20201225,18.31,0.0
20201226,17.97,0.0
20201227,18.22,0.0
20201228,18.42,0.0
20201229,19.17,0.0
20201230,20.51,0.0
20201231,20.34,0.0
20210101,20.84,0.0
20210102,22.16,0.0
20210103,23.96,0.0
20210104,24.38,0.0
20210105,24.27,0.0
20210106,23.68,0.0
20210107,22.8,0.0
20210108,22.92,0.0
20210109,22.5,0.0
20210110,21.49,0.0
20210111,20.72,0.0
20210112,19.87,0.0
20210113,19.61,0.0
20210114,18.9,0.0
20210115,18.42,0.0
20210116,19.21,0.0
20210117,20.58,0.0
20210118,18.91,0.0
20210119,17.84,0.0
20210120,16.86,0.0
20210121,16.85,0.0
20210122,16.68,0.0
20210123,16.91,0.0
20210124,16.96,0.0
20210125,17.88,0.0
20210126,19.33,0.0
20210127,19.51,0.0
20210128,18.73,0.0
20210129,18.46,0.0
20210130,18.81,0.0
20210131,19.79,0.0
20210201,21.22,0.0
20210202,21.49,0.0
20210203,20.03,0.0
20210204,18.83,0.0
20210205,18.95,0.0
20210206,18.72,0.0
20210207,19.0,0.0
20210208,19.07,0.0
20210209,19.96,0.0
20210210,20.84,0.0
20210211,20.69,0.0
20210212,21.2,0.0
20210213,21.43,0.0
20210214,22.27,0.0
20210215,23.0,0.0
20210216,20.61,0.0
20210217,16.92,0.0
20210218,15.77,0.0
20210219,16.43,0.0
20210220,18.18,0.0
20210221,20.21,0.0
20210222,20.07,0.0
20210223,19.28,0.0
20210224,20.35,0.0
20210225,21.23,0.0
20210226,22.09,0.0
20210227,23.03,0.0
20210228,23.15,0.0
20210301,22.98,0.0
20210302,23.46,0.0
20210303,24.05,0.0
20210304,24.16,0.0
20210305,24.53,0.0
20210306,25.4,0.0
20210307,25.81,0.0
20210308,26.43,0.0
20210309,27.63,0.0
20210310,28.0,0.0
20210311,29.56,0.0
20210312,28.91,0.0
20210313,28.85,0.0
20210314,28.61,0.0
20210315,28.53,0.0
20210316,28.51,0.0
20210317,28.75,0.0
20210318,29.81,0.0
20210319,30.68,0.0
20210320,31.19,0.0
20210321,31.19,0.0
20210322,30.59,0.0
20210323,30.28,0.0
20210324,29.15,0.0
20210325,26.6,0.0
20210326,23.28,0.0
20210327,22.31,0.0
20210328,23.45,0.0
20210329,23.52,0.0
20210330,22.79,0.0
20210331,21.93,0.0
20210401,23.03,0.0
20210402,23.18,0.0
20210403,23.41,0.0
20210404,24.94,0.0
20210405,27.11,0.0
20210406,29.5,0.0
20210407,30.9,0.0
20210408,31.53,0.0
20210409,29.59,0.0
20210410,29.51,0.0
20210411,30.31,0.0
20210412,29.92,0.0
20210413,29.47,0.0
20210414,29.07,0.0
20210415,29.17,0.0
20210416,29.99,0.0
20210417,30.19,0.0
20210418,31.01,0.0
20210419,31.03,0.0
20210420,30.59,0.0
20210421,31.55,0.0
20210422,31.25,0.0
20210423,32.24,0.0
20210424,32.59,0.0
20210425,33.12,0.0
20210426,32.92,0.0
20210427,32.9,0.0
20210428,32.06,0.0
20210429,31.03,0.0
20210430,30.72,0.0
20210501,30.51,0.0
20210502,31.45,0.0
20210503,31.69,0.0
20210504,31.32,0.0
20210505,31.16,0.0
20210506,31.98,0.0
20210507,32.51,0.0
20210508,32.88,0.0
20210509,32.82,0.0
20210510,34.07,0.0
20210511,34.24,0.0
20210512,33.8,0.0
20210513,33.78,0.0
20210514,33.63,0.0
20210515,34.61,0.53
20210516,33.96,0.0
20210517,33.15,0.0
20210518,32.66,0.0
20210519,33.67,0.0
20210520,34.01,0.0
20210521,33.75,0.0
20210522,33.03,0.0
20210523,33.92,0.01
20210524,33.3,0.0
20210525,32.58,0.0
20210526,31.7,0.0
20210527,31.4,0.0
20210528,32.09,0.0
20210529,33.85,0.12
20210530,32.8,0.0
20210531,32.67,0.0
20210601,34.36,0.0
20210602,33.88,0.0
20210603,33.36,1.88
20210604,35.35,0.0
20210605,33.29,0.0
20210606,31.98,0.01
20210607,33.44,0.0
20210608,33.96,0.0
20210609,33.38,0.0
20210610,34.02,0.0
20210611,34.31,0.0
20210612,34.25,0.0
20210613,34.83,0.0
20210614,33.52,0.0
20210615,33.26,0.0
20210616,34.29,1.72
20210617,33.02,0.0
20210618,32.92,0.0
20210619,33.89,0.0
20210620,34.54,0.39
20210621,33.99,1.12
20210622,32.38,2.03
20210623,31.87,4.09
20210624,31.91,0.0
20210625,32.4,5.05
20210626,33.77,0.0
20210627,34.0,0.0
20210628,33.48,0.0
20210629,33.09,0.0
20210630,33.26,0.0
20210701,33.56,0.0
20210702,33.97,0.0
20210703,33.82,0.0
20210704,33.17,0.22
20210705,33.61,0.0
20210706,32.83,0.0
20210707,31.91,0.0
20210708,30.4,3.56
20210709,31.38,1.07
20210710,29.35,34.89
20210711,30.32,1.05
20210712,32.04,0.0
20210713,30.26,0.21
20210714,31.02,0.74
20210715,33.01,0.0
20210716,32.03,0.0
20210717,30.79,11.26
20210718,30.31,2.15
20210719,30.13,0.05
20210720,30.8,0.32
20210721,31.96,0.13
20210722,31.64,0.17
20210723,28.25,2.65
20210724,28.68,8.25
20210725,29.13,5.9
20210726,28.78,3.97
20210727,27.22,27.08
20210728,26.71,15.05
20210729,29.38,0.61
20210730,30.28,0.45
20210731,29.24,3.15
20210801,26.96,2.5
20210802,28.77,0.41
20210803,29.16,4.01
20210804,29.25,2.1
20210805,29.63,2.13
20210806,28.62,1.56
20210807,29.44,0.03
20210808,28.09,3.78
20210809,27.33,8.73
20210810,28.87,0.41
20210811,29.55,0.91
20210812,27.17,5.94
20210813,27.85,4.17
20210814,28.62,5.06
20210815,27.81,5.55
20210816,27.79,7.65
20210817,28.14,4.39
20210818,27.52,0.13
20210819,28.05,0.44
20210820,29.0,0.0
20210821,29.3,2.34
20210822,28.32,0.78
20210823,29.38,0.0
20210824,29.92,0.01
20210825,30.12,1.28
20210826,28.5,4.01
20210827,30.22,0.0
20210828,31.2,0.06
20210829,29.93,4.59
20210830,30.84,0.01
20210831,30.71,0.0
20210901,32.43,0.0
20210902,31.02,0.08
20210903,28.87,3.64
20210904,28.34,0.08
20210905,30.72,0.02
20210906,30.12,0.04
20210907,27.91,9.98
20210908,26.86,42.63
20210909,29.16,0.07
20210910,29.62,0.05
20210911,30.03,0.0
20210912,30.24,0.0
20210913,29.28,0.85
20210914,28.69,1.42
20210915,29.42,0.25
20210916,30.03,0.03
20210917,31.01,0.0
20210918,31.23,0.0
20210919,29.58,0.0
20210920,29.16,0.0
20210921,29.41,0.0
20210922,28.94,0.97
20210923,28.96,0.19
20210924,28.82,0.0
20210925,28.7,0.0
20210926,28.17,0.0
20210927,28.3,0.0
20210928,29.94,0.05
20210929,28.46,4.23
20210930,28.46,0.0
20211001,28.53,0.0
20211002,28.89,0.0
20211003,28.7,0.0
20211004,29.1,0.0
20211005,29.17,0.0
20211006,28.35,0.0
20211007,27.85,0.0
20211008,27.93,0.0
20211009,27.65,0.0
20211010,27.8,0.0
20211011,27.86,0.0
20211012,27.22,0.0
20211013,27.1,0.0
20211014,27.37,0.0
20211015,28.16,0.0
20211016,28.79,0.57
20211017,26.81,6.7
20211018,28.91,0.0
20211019,29.08,0.0
20211020,28.45,0.0
20211021,29.11,0.0
20211022,29.91,0.0
20211023,29.05,0.01
20211024,28.01,0.0
20211025,27.93,0.0
20211026,27.56,0.0
20211027,27.1,0.0
20211028,26.77,0.0
20211029,26.51,0.0
20211030,26.33,0.0
20211031,25.64,0.0
20211101,26.09,0.0
20211102,26.81,0.0
20211103,27.66,0.0
20211104,27.8,0.0
20211105,26.26,0.0
20211106,26.04,0.0
20211107,26.45,0.0
20211108,25.87,0.0
20211109,25.95,0.0
20211110,25.54,0.0
20211111,24.65,0.0
20211112,24.36,0.0
20211113,25.15,0.0
20211114,25.54,0.0
20211115,25.04,0.0
20211116,25.01,0.0
20211117,25.03,0.0
20211118,25.16,0.0
20211119,24.64,0.0
20211120,24.37,0.0
20211121,24.55,0.0
20211122,24.78,0.0
20211123,25.02,0.0
20211124,24.8,0.0
20211125,24.25,0.0
20211126,24.01,0.0
20211127,22.92,0.0
20211128,22.57,0.0
20211129,22.03,0.0
20211130,22.77,0.0
20211201,21.64,0.0
20211202,20.88,0.0
20211203,21.75,0.0
20211204,21.83,0.0
20211205,20.65,0.0
20211206,20.32,0.0
20211207,20.12,0.0
20211208,18.54,0.0
20211209,18.72,0.0
20211210,20.5,0.0
20211211,20.62,0.0
20211212,20.33,0.0
20211213,20.32,0.0
20211214,18.92,0.0
20211215,18.16,0.0
20211216,18.21,0.0
20211217,18.0,0.0
20211218,17.05,0.0
20211219,16.56,0.0
20211220,16.55,0.0
20211221,17.09,0.0
20211222,17.78,0.0
20211223,17.77,0.0
20211224,18.61,0.0
20211225,18.45,0.0
20211226,18.1,0.0
20211227,18.52,0.0
20211228,17.18,0.0
20211229,17.1,0.0
20211230,18.23,0.0
20211231,17.79,0.0
20220101,17.66,0.0
20220102,16.65,0.0
20220103,16.6,0.0
20220104,16.78,0.0
20220105,17.69,5.56
20220106,21.41,0.04
20220107,21.7,0.0
20220108,21.16,0.0
20220109,18.08,0.0
20220110,16.4,0.0
20220111,16.72,0.0
20220112,19.05,0.0
20220113,19.5,0.0
20220114,19.24,0.0
20220115,18.45,0.0
20220116,16.62,0.0
20220117,14.03,0.0
20220118,13.47,0.0
20220119,13.41,0.0
20220120,13.54,0.0
20220121,14.14,0.0
20220122,14.71,0.0
20220123,15.67,0.0
20220124,15.78,0.0
20220125,15.09,0.0
20220126,15.3,0.0
20220127,15.76,0.0
20220128,16.4,0.0
20220129,16.22,0.0
20220130,15.8,0.0
20220131,15.53,0.0
20220201,14.93,0.0
20220202,16.11,0.0
20220203,14.86,0.0
20220204,14.5,0.0
20220205,15.55,0.0
20220206,16.55,0.0
20220207,18.09,0.0
20220208,18.27,0.0
20220209,18.59,0.0
20220210,17.76,0.0
20220211,17.64,0.0
20220212,17.81,0.0
20220213,19.5,0.0
20220214,21.25,0.0
20220215,22.14,0.0
20220216,23.05,0.0
20220217,23.07,0.0
20220218,20.92,0.0
20220219,19.94,0.0
20220220,19.47,0.0
20220221,19.54,0.0
20220222,19.77,0.0
20220223,21.11,0.0
20220224,20.5,0.0
20220225,19.53,0.0
20220226,20.21,0.0
20220227,21.01,0.0
20220228,22.27,0.0
20220301,22.87,0.0
20220302,23.68,0.0
20220303,24.66,0.0
20220304,26.02,0.0
20220305,28.7,0.0
20220306,29.78,0.0
20220307,30.02,0.0
20220308,29.46,0.0
20220309,27.92,0.0
20220310,26.37,0.0
20220311,25.48,0.0
20220312,25.44,0.0
20220313,25.1,0.06
20220314,24.17,0.0
20220315,25.41,0.0
20220316,25.35,0.0
20220317,24.82,0.0
20220318,24.57,0.0
20220319,25.56,0.0
20220320,28.39,0.0
20220321,29.86,0.0
20220322,28.25,0.0
20220323,26.62,0.0
20220324,26.65,0.0
20220325,26.31,0.0
20220326,26.09,0.0
20220327,25.27,0.0
20220328,24.69,0.0
20220329,24.06,0.0
20220330,24.2,0.0
20220331,25.97,0.0
20220401,27.61,0.0
20220402,28.52,0.0
20220403,29.33,0.0
20220404,29.41,0.0
20220405,30.66,0.0
20220406,31.06,0.0
20220407,31.86,0.0
20220408,32.04,0.0
20220409,31.38,0.0
20220410,31.46,0.0
20220411,32.02,0.0
20220412,32.05,0.0
20220413,32.65,0.0
20220414,32.93,0.0
20220415,34.02,0.0
20220416,32.88,0.0
20220417,32.1,0.0
20220418,31.65,0.0
20220419,31.46,0.0
20220420,31.3,0.0
20220421,32.62,0.0
20220422,33.31,0.0
20220423,34.41,0.0
20220424,34.73,0.0
20220425,35.1,0.0
20220426,32.74,0.0
20220427,32.94,0.0
20220428,32.3,0.0
20220429,31.78,0.0
20220430,34.11,0.02
20220501,35.47,0.0
20220502,33.77,0.0
20220503,33.8,0.0
20220504,34.95,0.0
20220505,35.0,0.0
20220506,34.21,0.0
20220507,35.14,0.0
20220508,35.49,0.0
20220509,35.33,0.0
20220510,34.72,0.02
20220511,35.09,0.0
20220512,34.42,0.0
20220513,33.36,0.0
20220514,32.57,0.0
20220515,31.72,0.0
20220516,31.17,0.0
20220517,31.06,0.0
20220518,31.05,5.44
20220519,32.09,2.49
20220520,32.92,0.0
20220521,32.79,0.0
20220522,32.14,0.0
20220523,32.0,0.0
20220524,32.15,0.0
20220525,31.49,0.0
20220526,32.29,0.0
20220527,32.61,0.0
20220528,32.33,0.0
20220529,32.36,0.0
20220530,31.8,0.0
20220531,31.82,0.0
20220601,32.28,0.0
20220602,32.82,0.0
20220603,33.3,0.0
20220604,32.89,0.0
20220605,32.65,2.0
20220606,32.21,0.03
20220607,32.95,0.0
20220608,33.74,0.0
20220609,33.58,0.0
20220610,32.35,4.52
20220611,31.51,10.98
20220612,33.59,0.0
20220613,33.92,0.0
20220614,32.26,0.01
20220615,33.72,0.0
20220616,33.38,0.04
20220617,33.54,0.0
20220618,31.08,0.0
20220619,32.11,0.0
20220620,33.32,0.0
20220621,31.62,0.0
20220622,33.03,0.0
20220623,33.52,0.0
20220624,33.83,0.0
20220625,33.22,0.0
20220626,31.23,1.84
20220627,33.49,0.0
20220628,33.64,0.0
20220629,32.19,0.55
20220630,31.72,0.8
20220701,27.76,37.91
20220702,29.32,0.05
20220703,31.11,0.09
20220704,31.28,0.45
20220705,30.68,0.26
20220706,31.59,0.12
20220707,32.36,0.0
20220708,32.3,0.0
20220709,32.53,0.1
20220710,30.75,3.77
20220711,31.27,0.65
20220712,33.44,0.01
20220713,33.54,0.0
20220714,32.06,0.0
20220715,29.48,8.18
20220716,28.08,16.22
20220717,27.4,10.4
20220718,29.12,1.48
20220719,29.76,0.15
20220720,29.51,2.13
20220721,30.01,0.87
20220722,31.4,0.09
20220723,29.55,8.39
20220724,31.42,0.04
20220725,32.29,0.0
20220726,32.46,0.0
20220727,29.38,0.18
20220728,27.09,3.06
20220729,29.2,0.04
20220730,29.7,0.56
20220731,28.85,2.73
20220801,28.07,2.14
20220802,27.69,5.69
20220803,29.14,2.32
20220804,28.96,0.49
20220805,30.15,3.8
20220806,30.58,0.12
20220807,31.11,0.01
20220808,28.16,23.96
20220809,29.41,0.59
20220810,31.2,0.01
20220811,31.63,0.03
20220812,30.07,0.25
20220813,27.39,13.49
20220814,28.49,0.94
20220815,26.96,20.78
20220816,25.7,3.8
20220817,27.58,0.22
20220818,29.37,0.53
20220819,26.79,5.93
20220820,26.77,7.29
20220821,27.98,1.9
20220822,27.14,14.34
20220823,27.09,7.9
20220824,26.37,11.98
20220825,26.49,1.59
20220826,27.79,0.07
20220827,26.69,4.32
20220828,25.63,4.16
20220829,27.47,0.03
20220830,28.81,0.26
20220831,29.53,0.09
20220901,28.62,3.27
20220902,29.03,1.23
20220903,29.38,0.96
20220904,27.7,0.09
20220905,29.45,0.23
20220906,29.54,0.31
20220907,27.63,5.3
20220908,29.27,2.26
20220909,28.9,9.16
20220910,28.46,4.73
20220911,28.33,4.12
20220912,29.41,0.14
20220913,30.09,0.03
20220914,29.61,0.0
20220915,30.02,0.0
20220916,29.93,2.16
20220917,26.71,18.29
20220918,27.74,3.39
20220919,27.37,2.93
20220920,27.89,2.48
20220921,27.81,2.16
20220922,28.89,0.0
20220923,29.27,0.16
20220924,29.71,0.0
20220925,29.67,0.0
20220926,29.9,0.0
20220927,29.45,0.01
20220928,28.84,0.09
20220929,28.86,0.02
20220930,28.04,0.08
20221001,30.02,0.0
20221002,31.23,0.0
20221003,29.95,0.0
20221004,28.72,0.0
20221005,28.91,4.13
20221006,28.95,0.31
20221007,28.84,0.06
20221008,28.34,0.0
20221009,28.03,0.0
20221010,27.27,0.0
20221011,27.39,0.0
20221012,27.47,0.0
20221013,27.65,0.0
20221014,26.64,0.0
20221015,26.03,0.0
20221016,25.48,0.0
20221017,25.67,0.0
20221018,25.79,0.0
20221019,25.44,0.0
20221020,25.21,0.0
20221021,25.02,0.0
20221022,24.82,0.0
20221023,25.89,0.0
20221024,27.81,0.0
20221025,26.42,0.0
20221026,24.56,0.0
20221027,23.61,0.0
20221028,23.73,0.0
20221029,23.97,0.0
20221030,23.97,0.0
20221031,23.62,0.0
20221101,24.1,0.0
20221102,24.64,0.0
20221103,24.44,0.0
20221104,22.93,0.0
20221105,21.61,0.0
20221106,21.58,0.0
20221107,22.76,0.0
20221108,23.88,0.0
20221109,24.61,0.0
20221110,24.08,0.0
20221111,24.41,0.0
20221112,23.76,0.0
20221113,22.3,0.0
20221114,21.07,0.0
20221115,20.88,0.0
20221116,20.84,0.0
20221117,21.1,0.0
20221118,20.85,0.0
20221119,21.03,0.0
20221120,21.72,0.0
20221121,21.12,0.0
20221122,20.61,0.0
20221123,20.26,0.0
20221124,19.88,0.0
20221125,19.06,0.0
20221126,18.84,0.0
20221127,19.06,0.0
20221128,19.45,0.0
20221129,19.28,0.0
20221130,19.12,0.0
20221201,19.73,0.0
20221202,20.97,0.0
20221203,22.84,0.0
20221204,23.69,0.0
20221205,22.11,0.0
20221206,21.61,0.0
20221207,20.93,0.0
20221208,19.9,0.0
20221209,18.98,0.0
20221210,18.93,0.0
20221211,19.33,0.0
20221212,19.57,0.0
20221213,19.36,0.0
20221214,19.75,0.0
20221215,20.05,0.0
20221216,20.73,0.0
20221217,20.93,0.0
20221218,20.67,0.0
20221219,20.23,0.0
20221220,18.34,0.0
20221221,18.48,0.0
20221222,16.41,0.0
20221223,16.23,0.0
20221224,17.02,0.0
20221225,16.53,0.0
20221226,17.62,0.0
20221227,17.68,0.0
20221228,17.75,0.0
20221229,17.07,0.0
20221230,16.24,0.0
20221231,16.32,0.0
20230101,16.12,0.0
20230102,16.37,0.0
20230103,16.88,0.0
20230104,17.27,0.0
20230105,17.3,0.0
20230106,17.93,0.0
20230107,18.28,0.0
20230108,18.72,0.0
20230109,18.15,0.0
20230110,16.86,0.0
20230111,16.0,0.0
20230112,15.93,0.0
20230113,16.27,0.0
20230114,16.52,0.0
20230115,17.26,0.0
20230116,17.07,0.0
20230117,16.95,0.0
20230118,17.66,0.0
20230119,19.25,0.0
20230120,19.76,0.0
20230121,19.46,0.0
20230122,19.94,0.0
20230123,20.11,0.0
20230124,21.14,0.0
20230125,21.76,0.0
20230126,22.96,0.0
20230127,24.53,0.0
20230128,25.5,0.0
20230129,25.36,0.0
20230130,24.28,0.0
20230131,22.29,0.05
20230201,20.71,0.0
20230202,21.5,0.0
20230203,23.59,0.0
20230204,24.91,0.0
20230205,25.49,0.0
20230206,22.97,0.0
20230207,21.89,0.0
20230208,21.97,0.0
20230209,21.25,0.0
20230210,21.42,0.0
20230211,20.54,0.0
20230212,20.68,0.0
20230213,21.19,0.0
20230214,19.42,0.0
20230215,17.53,0.0
20230216,17.61,0.0
20230217,18.1,0.0
20230218,18.42,0.0
20230219,18.96,0.0
20230220,20.11,0.0
20230221,20.38,0.0
20230222,21.59,0.0
20230223,22.61,0.0
20230224,23.18,0.0
20230225,23.59,0.0
20230226,25.14,0.0
20230227,26.94,0.0
20230228,27.32,0.0
20230301,28.12,0.0
20230302,28.66,0.0
20230303,28.44,0.0
20230304,29.08,0.0
20230305,28.85,0.0
20230306,29.37,0.0
20230307,29.71,0.0
20230308,29.46,0.0
20230309,29.07,0.0
20230310,29.17,0.0
20230311,27.68,0.0
20230312,26.63,0.0
20230313,25.72,0.0
20230314,25.36,0.0
20230315,25.1,0.0
20230316,25.16,0.0
20230317,25.56,0.0
20230318,26.13,0.0
20230319,27.33,0.0
20230320,29.61,0.0
20230321,27.93,0.01
20230322,28.88,0.0
20230323,27.61,0.0
20230324,26.7,0.0
20230325,25.51,0.0
20230326,24.59,0.0
20230327,24.94,0.0
20230328,25.75,0.0
20230329,25.96,0.0
20230330,26.13,0.0
20230331,27.27,0.0
20230401,26.42,0.0
20230402,25.87,0.0
20230403,25.88,0.0
20230404,24.99,18.93
20230405,27.3,0.0
20230406,29.23,0.0
20230407,30.93,0.0
20230408,32.0,0.0
20230409,31.01,0.0
20230410,30.47,0.0
20230411,29.3,0.0
20230412,28.05,0.0
20230413,27.94,0.0
20230414,28.68,0.0
20230415,29.87,0.0
20230416,30.61,0.0
20230417,31.99,0.0
20230418,34.23,0.0
20230419,33.27,0.0
20230420,32.21,0.0
20230421,32.67,0.0
20230422,32.72,0.0
20230423,32.43,0.0
20230424,31.61,0.02
20230425,32.86,0.0
20230426,33.29,0.0
20230427,34.0,0.0
20230428,33.02,0.0
20230429,32.57,0.0
20230430,31.65,0.0
20230501,31.39,0.0
20230502,31.7,0.0
20230503,32.18,0.0
20230504,32.54,0.0
20230505,32.62,0.0
20230506,32.44,0.0
20230507,30.99,0.0
20230508,30.3,0.0
20230509,31.68,0.0
20230510,33.41,0.0
20230511,31.92,0.0
20230512,32.43,0.0
20230513,32.38,0.0
20230514,33.4,0.0
20230515,34.31,0.0
20230516,34.5,0.0
20230517,34.73,0.0
20230518,36.16,0.0
20230519,35.58,0.0
20230520,36.09,0.0
20230521,35.78,0.03
20230522,34.31,0.0
20230523,35.24,0.0
20230524,36.03,0.0
20230525,36.7,0.0
20230526,36.56,0.0
20230527,36.51,0.0
20230528,33.8,0.0
20230529,33.28,0.0
20230530,34.97,0.0
20230531,33.75,1.0
20230601,33.19,0.04
20230602,33.18,0.12
20230603,34.43,0.03
20230604,33.81,0.0
20230605,35.23,0.0
20230606,35.98,0.0
20230607,35.1,0.23
20230608,32.38,0.97
20230609,30.76,6.15
20230610,32.56,0.06
20230611,31.69,5.85
20230612,30.38,3.88
20230613,31.35,3.01
20230614,32.93,0.03
20230615,33.6,0.0
20230616,34.37,0.0
20230617,34.85,0.0
20230618,35.39,0.0
20230619,35.2,0.0
20230620,34.45,0.0
20230621,33.44,0.0
20230622,32.89,0.02
20230623,31.94,0.97
20230624,31.14,3.3
20230625,32.08,0.88
20230626,32.57,0.01
20230627,33.06,0.0
20230628,33.79,0.08
20230629,34.26,0.01
20230630,34.02,0.0
20230701,33.98,0.0
20230702,34.01,0.0
20230703,33.73,0.01
20230704,33.98,0.25
20230705,33.21,0.0
20230706,33.29,0.0
20230707,33.73,0.0
20230708,34.07,0.11
20230709,30.2,25.27
20230710,31.91,0.07
20230711,32.88,0.0
20230712,34.03,0.01
20230713,33.59,0.38
20230714,32.26,0.01
20230715,33.45,0.0
20230716,34.49,0.0
20230717,35.0,0.0
20230718,35.08,0.0
20230719,33.59,0.0
20230720,31.33,0.46
20230721,29.71,21.3
20230722,31.52,0.01
20230723,32.76,0.64
20230724,31.17,0.24
20230725,32.22,0.0
20230726,33.06,0.0
20230727,33.29,0.01
20230728,31.35,0.2
20230729,32.34,1.02
20230730,32.71,0.0
20230731,34.0,0.0
20230801,33.08,0.0
20230802,30.66,0.27
20230803,30.67,1.01
20230804,32.28,0.01
20230805,32.18,0.02
20230806,29.6,30.29
20230807,27.06,27.93
20230808,27.48,3.6
20230809,28.45,5.58
20230810,27.89,12.6
20230811,27.89,8.03
20230812,28.81,2.58
20230813,28.45,10.65
20230814,28.12,0.18
20230815,28.44,0.42
20230816,30.41,0.1
20230817,31.94,0.0
20230818,31.14,0.0
20230819,31.09,0.0
20230820,29.76,5.09
20230821,30.66,0.05
20230822,31.48,0.0
20230823,32.27,0.0
20230824,30.83,0.29
20230825,29.87,0.05
20230826,30.79,27.16
20230827,30.18,2.19
20230828,29.63,0.0
20230829,30.07,0.01
20230830,30.21,0.0
20230831,30.63,0.78
20230901,31.37,0.0
20230902,29.92,2.91
20230903,28.91,4.58
20230904,30.27,6.37
20230905,29.9,0.02
20230906,30.5,0.06
20230907,31.24,0.0
20230908,32.38,0.0
20230909,31.64,0.0
20230910,31.47,0.01
20230911,31.87,0.0
20230912,31.58,0.01
20230913,30.78,0.67
20230914,31.21,2.64
20230915,30.99,0.0
20230916,30.62,1.39
20230917,30.82,1.3
20230918,31.48,0.32
20230919,30.98,0.01
20230920,30.6,0.01
20230921,31.04,0.0
20230922,30.97,0.0
20230923,31.08,0.0
20230924,31.23,0.0
20230925,31.74,0.0
20230926,31.54,0.0
20230927,31.32,0.0
20230928,31.38,0.0
20230929,30.66,0.0
20230930,28.2,0.27
20231001,28.09,0.61
20231002,29.53,1.21
20231003,29.28,0.19
20231004,29.14,0.0
20231005,29.7,0.0
20231006,29.47,0.0
20231007,29.19,0.0
20231008,29.21,0.0
20231009,29.43,0.0
20231010,29.69,0.0
20231011,29.84,0.0
20231012,29.81,0.0
20231013,29.8,0.0
20231014,29.35,0.0
20231015,29.07,0.0
20231016,29.23,0.0
20231017,29.47,0.0
20231018,29.05,0.0
20231019,28.27,0.0
20231020,27.88,0.0
20231021,27.62,0.0
20231022,27.83,0.0
20231023,27.5,0.0
20231024,25.98,0.0
20231025,25.93,0.0
20231026,26.05,0.0
20231027,26.19,0.0
20231028,27.03,0.0
20231029,27.95,0.0
20231030,27.98,0.0
20231031,27.35,0.0
20231101,26.84,0.0
20231102,26.69,0.0
20231103,26.64,0.0
20231104,26.78,0.0
20231105,26.33,0.0
20231106,25.92,0.0
20231107,25.62,0.0
20231108,25.27,0.0
20231109,26.08,0.0
20231110,26.34,0.0
20231111,25.64,0.0
20231112,25.15,0.0
20231113,24.44,0.0
20231114,25.45,0.0
20231115,26.02,1.34
20231116,25.36,0.04
20231117,24.32,0.0
20231118,24.73,0.0
20231119,23.54,0.0
20231120,23.41,0.0
20231121,23.28,0.0
20231122,23.96,0.0
20231123,26.53,0.0
20231124,27.46,0.0
20231125,27.31,0.0
20231126,26.41,0.0
20231127,26.76,0.0
20231128,26.56,0.0
20231129,26.27,0.0
20231130,25.85,0.0
20231201,24.42,0.0
20231202,23.49,0.0
20231203,22.95,0.0
20231204,22.85,0.0
20231205,22.49,0.0
20231206,21.21,0.0
20231207,20.9,0.0
20231208,19.94,0.0
20231209,20.02,0.0
20231210,20.26,0.0
20231211,17.06,0.0
20231212,16.82,0.0
20231213,17.01,0.0
20231214,17.94,0.0
20231215,17.97,0.0
20231216,17.21,0.0
20231217,18.21,0.0
20231218,19.66,0.0
20231219,20.77,0.0
20231220,21.25,0.0
20231221,18.78,0.0
20231222,16.63,0.0
20231223,16.55,0.0
20231224,16.48,0.0
20231225,15.67,0.0
20231226,15.77,0.0
20231227,16.14,0.0
20231228,16.81,0.0
20231229,17.55,0.0
20231230,18.06,0.0
20231231,18.33,0.0
