year,latitude,longitude,T2M,PRECTOTCORR,ALLSKY_SFC_SW_DWN,WS10M,RH2M
2013,15.0,-17.0,-247.2349315068493,1.4172054794520548,5.795643835616438,4.296849315068493,62.879835616438356
2013,15.0,-15.0,-244.32928767123286,1.4893698630136987,6.127424657534247,3.873068493150685,41.61684931506849
2013,15.0,-13.0,-243.84021917808218,1.5036986301369863,6.1727123287671235,3.8253424657534247,39.45673972602739
2013,15.0,-11.0,-244.37432876712327,2.2095068493150687,6.1158904109589045,3.8189315068493146,42.169671232876716
2013,15.0,-9.0,-244.84120547945204,1.6208219178082193,6.201287671232877,3.7975068493150688,36.823589041095886
2013,15.0,-7.0,-244.43306849315067,1.1537534246575345,6.19013698630137,3.825260273972603,33.91591780821918
2013,15.0,-5.0,-244.56547945205477,1.1488493150684933,6.283972602739726,3.9780547945205478,36.09175342465754
2013,15.0,-3.0,-245.2850136986301,1.3138904109589042,6.175178082191782,3.7765479452054795,35.988054794520544
2013,17.0,-17.0,-249.66035616438353,0.4475342465753425,6.0114246575342465,5.652356164383561,80.57049315068494
2013,17.0,-15.0,-244.75810958904106,0.7442739726027396,6.412273972602741,4.2933150684931505,35.51063013698631
2013,17.0,-13.0,-243.7510410958904,0.766821917808219,6.3990684931506845,4.072684931506849,29.465013698630134
2013,17.0,-11.0,-244.7004109589041,0.9171506849315066,6.358356164383562,4.221506849315068,30.39167123287671
2013,17.0,-9.0,-244.60043835616437,0.5712328767123288,6.369589041095891,4.273205479452055,27.951506849315066
2013,17.0,-7.0,-245.13657534246573,0.47463013698630124,6.3781917808219175,4.4397534246575345,27.08501369863014
2013,17.0,-5.0,-244.98372602739724,0.48071232876712333,6.46027397260274,4.252273972602739,26.43241095890411
2013,17.0,-3.0,-244.59158904109586,0.48904109589041095,6.4264383561643825,4.23241095890411,26.388958904109593
2013,19.0,-17.0,-250.6051232876712,0.1712876712328767,6.176520547945205,6.281945205479452,78.51375342465755
2013,19.0,-15.0,-244.7671232876712,0.24279452054794523,6.27213698630137,4.526082191780822,28.39232876712329
2013,19.0,-13.0,-244.46832876712327,0.19536986301369863,6.299369863013698,4.363780821917808,24.001068493150683
2013,19.0,-11.0,-246.3755616438356,0.2743013698630137,6.438191780821917,4.641780821917808,25.087835616438355
2013,19.0,-9.0,-246.22539726027395,0.14364383561643834,6.543835616438356,4.386219178082192,23.24523287671233
2013,19.0,-7.0,-246.1205753424657,0.12224657534246575,6.400931506849315,4.202,22.318054794520553
2013,19.0,-5.0,-245.79221917808218,0.12027397260273973,6.444301369863014,4.220465753424657,21.80619178082192
2013,19.0,-3.0,-245.21052054794518,0.10780821917808217,6.446219178082192,4.25841095890411,20.94279452054795
2013,21.0,-17.0,-250.48339726027396,0.06835616438356164,6.353863013698629,6.407972602739726,62.741369863013695
2013,21.0,-15.0,-246.08243835616435,0.05931506849315068,6.245123287671234,5.238356164383561,28.033534246575343
2013,21.0,-13.0,-246.01380821917806,0.08679452054794519,6.278520547945206,4.775315068493151,24.13095890410959
2013,21.0,-11.0,-247.2304109589041,0.12813698630136988,6.366547945205479,4.6720273972602735,24.274383561643834
2013,21.0,-9.0,-246.57799999999997,0.059561643835616435,6.397397260273973,4.236027397260274,22.148164383561642
2013,21.0,-7.0,-245.84010958904108,0.06756164383561644,6.358109589041096,4.182164383561644,20.47791780821918
2013,21.0,-5.0,-245.2426301369863,0.04334246575342466,6.3053698630136985,4.114219178082192,19.08331506849315
2013,21.0,-3.0,-245.49876712328765,0.06221917808219178,6.3219452054794525,4.274027397260274,19.10753424657534
2013,23.0,-17.0,-253.48799999999997,0.07868493150684931,6.007917808219179,7.49786301369863,86.95178082191781
2013,23.0,-15.0,-249.2774520547945,0.15265753424657533,6.165041095890411,5.798219178082191,41.22794520547946
2013,23.0,-13.0,-248.38432876712326,0.16356164383561644,6.160356164383561,5.137369863013699,32.6
2013,23.0,-11.0,-247.6187945205479,0.1158082191780822,6.121780821917808,4.523808219178083,28.28013698630137
2013,23.0,-9.0,-246.1455616438356,0.050958904109589045,6.1316712328767125,4.377972602739726,22.266657534246576
2013,23.0,-7.0,-246.23783561643833,0.037452054794520545,6.204109589041096,4.183287671232877,20.588684931506847
2013,23.0,-5.0,-245.63065753424655,0.04868493150684931,6.2288219178082205,4.185287671232877,19.19676712328767
2013,23.0,-3.0,-245.76901369863012,0.045561643835616436,6.262931506849315,4.311342465753425,19.179835616438353
2013,25.0,-17.0,-252.32452054794518,0.2525753424657534,5.704465753424658,7.015068493150685,82.73945205479451
2013,25.0,-15.0,-253.17284931506848,0.16068493150684934,5.976657534246576,6.302054794520548,74.44268493150685
2013,25.0,-13.0,-250.33498630136984,0.1741917808219178,6.120958904109588,5.492849315068492,44.89386301369863
2013,25.0,-11.0,-248.9265205479452,0.11265753424657536,6.079945205479452,5.537479452054795,35.77265753424658
2013,25.0,-9.0,-248.11512328767122,0.1572876712328767,6.071561643835616,4.709506849315068,27.949835616438357
2013,25.0,-7.0,-247.7839726027397,0.20115068493150684,6.154931506849316,4.457068493150684,24.711095890410956
2013,25.0,-5.0,-245.93369863013697,0.09717808219178081,6.085150684931508,4.4904383561643835,20.22372602739726
2013,25.0,-3.0,-246.53624657534243,0.048383561643835615,6.2011232876712326,4.468410958904109,20.28767123287671
2014,15.0,-17.0,-247.42339726027396,1.0676986301369862,5.843150684931507,4.450684931506849,61.99306849315069
2014,15.0,-15.0,-244.34945205479448,1.7361643835616436,6.205013698630137,3.9628767123287667,40.328630136986305
2014,15.0,-13.0,-243.88835616438354,1.8498630136986303,6.204575342465754,3.941917808219178,39.54698630136986
2014,15.0,-11.0,-244.53884931506846,2.123123287671233,6.090630136986301,3.893479452054794,43.282794520547945
2014,15.0,-9.0,-245.22257534246575,1.8266575342465747,6.118054794520548,3.7513698630136987,39.3285205479452
2014,15.0,-7.0,-244.74638356164382,1.3904109589041096,6.107534246575343,3.8895616438356164,35.82260273972603
2014,15.0,-5.0,-244.6507123287671,1.3775342465753426,6.278191780821918,4.0422739726027395,37.54438356164383
2014,15.0,-3.0,-245.1873424657534,1.4135068493150686,6.137534246575343,3.807205479452055,36.30928767123287
2014,17.0,-17.0,-250.20646575342462,0.40967123287671225,6.164876712328767,5.94254794520548,80.62605479452056
2014,17.0,-15.0,-244.73265753424656,0.5552876712328767,6.538520547945206,4.435123287671233,34.77134246575343
2014,17.0,-13.0,-243.56498630136983,0.5433150684931507,6.511095890410959,4.133780821917808,28.629835616438356
2014,17.0,-11.0,-244.65164383561643,0.7903013698630137,6.437150684931507,4.176986301369863,31.096109589041095
2014,17.0,-9.0,-244.95260273972602,0.8211780821917809,6.445643835616438,4.110054794520548,30.28010958904109
2014,17.0,-7.0,-245.53443835616437,0.677013698630137,6.43331506849315,4.258821917808219,29.33441095890411
2014,17.0,-5.0,-245.34528767123285,0.6784109589041096,6.5019178082191775,4.181479452054795,28.43394520547945
2014,17.0,-3.0,-244.68410958904107,0.584054794520548,6.480821917808219,4.1632054794520545,27.049123287671232
2014,19.0,-17.0,-251.19931506849312,0.11008219178082192,6.318027397260273,6.529424657534247,79.07263013698629
2014,19.0,-15.0,-245.1301917808219,0.24654794520547943,6.415123287671233,4.612684931506849,29.195616438356165
2014,19.0,-13.0,-244.5433424657534,0.2344931506849315,6.421945205479453,4.275534246575342,24.31758904109589
2014,19.0,-11.0,-246.28180821917806,0.18786301369863012,6.518657534246576,4.517945205479452,24.920657534246573
2014,19.0,-9.0,-246.40369863013697,0.24013698630136987,6.592219178082192,4.325287671232877,25.258794520547944
2014,19.0,-7.0,-246.32238356164382,0.15526027397260275,6.462876712328766,4.201506849315068,24.339287671232878
2014,19.0,-5.0,-245.83358904109588,0.13336986301369863,6.433589041095891,4.159506849315068,22.64553424657534
2014,19.0,-3.0,-245.3181917808219,0.15805479452054794,6.440986301369863,4.180575342465753,21.91038356164384
2014,21.0,-17.0,-251.18219178082188,0.06,6.523068493150685,6.590301369863014,64.39394520547945
2014,21.0,-15.0,-246.51591780821917,0.025123287671232872,6.404136986301369,5.115041095890412,28.864136986301368
2014,21.0,-13.0,-246.17791780821915,0.02679452054794521,6.4085479452054805,4.58627397260274,24.247479452054794
2014,21.0,-11.0,-247.19969863013696,0.035890410958904106,6.443150684931507,4.534328767123287,23.933561643835617
2014,21.0,-9.0,-246.5984931506849,0.05232876712328768,6.406547945205481,4.185068493150685,22.40580821917808
2014,21.0,-7.0,-245.93698630136984,0.07553424657534247,6.367561643835616,4.17145205479452,21.374191780821917
2014,21.0,-5.0,-245.29789041095887,0.0547945205479452,6.334219178082191,4.205561643835616,20.205260273972602
2014,21.0,-3.0,-245.4524109589041,0.05043835616438356,6.3650958904109585,4.304684931506849,19.65276712328767
2014,23.0,-17.0,-253.85520547945202,0.04731506849315068,6.137424657534246,7.645917808219178,88.10657534246576
2014,23.0,-15.0,-249.79504109589038,0.05821917808219178,6.288602739726028,5.91276712328767,43.62041095890411
2014,23.0,-13.0,-248.64487671232874,0.03791780821917808,6.267123287671233,5.106986301369863,33.70832876712328
2014,23.0,-11.0,-247.69879452054792,0.036575342465753426,6.229150684931508,4.485013698630137,28.720931506849315
2014,23.0,-9.0,-246.214904109589,0.06591780821917809,6.185917808219179,4.476465753424658,23.011808219178082
2014,23.0,-7.0,-246.2897534246575,0.09624657534246576,6.198164383561644,4.2684931506849315,21.759780821917808
2014,23.0,-5.0,-245.63331506849312,0.11589041095890411,6.23813698630137,4.20558904109589,20.500027397260276
2014,23.0,-3.0,-245.62230136986298,0.05246575342465753,6.271232876712329,4.3727397260273975,19.558849315068493
2014,25.0,-17.0,-252.38646575342463,0.1820821917808219,5.733260273972602,7.025698630136986,82.64128767123287
2014,25.0,-15.0,-253.51068493150683,0.21802739726027398,5.971013698630137,6.290657534246575,77.02534246575343
2014,25.0,-13.0,-250.68095890410956,0.23317808219178082,6.137232876712329,5.565205479452055,48.04224657534246
2014,25.0,-11.0,-249.2275616438356,0.1562739726027397,6.092438356164383,5.5852876712328765,38.76564383561644
2014,25.0,-9.0,-248.07378082191778,0.18526027397260275,6.141123287671234,4.692876712328768,29.95876712328767
2014,25.0,-7.0,-247.5764931506849,0.157013698630137,6.174575342465754,4.422520547945205,26.411397260273972
2014,25.0,-5.0,-245.83030136986298,0.1992602739726027,6.073260273972602,4.313068493150685,22.210794520547942
2014,25.0,-3.0,-246.22112328767122,0.09586301369863014,6.1767671232876715,4.379150684931506,20.95876712328767
2015,15.0,-17.0,-247.88493150684928,2.222328767123287,5.462931506849315,4.280465753424657,64.7886301369863
2015,15.0,-15.0,-244.57473972602736,1.3352602739726027,5.853424657534247,3.8804109589041094,41.354246575342465
2015,15.0,-13.0,-244.2718904109589,1.5570410958904108,5.867041095890412,3.773178082191781,40.898547945205486
2015,15.0,-11.0,-244.80898630136983,2.3387123287671234,5.824356164383561,3.7376438356164385,44.182794520547944
2015,15.0,-9.0,-245.46142465753422,2.3302739726027397,5.913068493150685,3.7311780821917813,40.50295890410958
2015,15.0,-7.0,-244.96654794520546,1.5370410958904108,5.906739726027397,3.873561643835617,37.311726027397256
2015,15.0,-5.0,-245.35484931506846,1.8895342465753426,6.070767123287671,3.894602739726028,40.91895890410959
2015,15.0,-3.0,-246.46016438356162,2.695150684931507,5.964986301369864,3.794767123287672,41.493972602739724
2015,17.0,-17.0,-249.73189041095887,0.8814246575342465,5.753753424657534,5.764465753424657,79.6634520547945
2015,17.0,-15.0,-244.74761643835615,0.7032054794520548,6.183671232876712,4.437534246575342,35.374931506849315
2015,17.0,-13.0,-243.76898630136984,0.7728219178082192,6.165945205479453,4.121890410958904,29.711315068493153
2015,17.0,-11.0,-244.7592602739726,0.9982465753424657,6.199260273972602,4.295068493150685,30.91090410958904
2015,17.0,-9.0,-244.76,0.7646027397260273,6.232849315068493,4.366986301369863,28.86989041095891
2015,17.0,-7.0,-245.3845205479452,0.726301369863014,6.203972602739726,4.563726027397261,28.597561643835622
2015,17.0,-5.0,-245.13287671232874,0.5725753424657535,6.28572602739726,4.285150684931507,27.483397260273975
2015,17.0,-3.0,-244.73260273972602,0.48369863013698616,6.282383561643836,4.247150684931507,26.708301369863012
2015,19.0,-17.0,-250.75863013698628,0.19772602739726025,5.913534246575343,6.2374246575342465,77.37909589041097
2015,19.0,-15.0,-244.9956712328767,0.34454794520547943,6.050301369863012,4.722383561643836,29.18328767123288
2015,19.0,-13.0,-244.50175342465752,0.3404931506849315,6.115726027397261,4.592849315068493,24.8133698630137
2015,19.0,-11.0,-246.14194520547943,0.24819178082191778,6.282602739726028,4.824602739726028,24.39624657534247
2015,19.0,-9.0,-246.1902739726027,0.21446575342465748,6.376739726027398,4.605287671232877,23.461095890410956
2015,19.0,-7.0,-246.14580821917806,0.17956164383561646,6.253616438356164,4.423287671232877,22.926027397260274
2015,19.0,-5.0,-245.68016438356162,0.14926027397260275,6.276712328767124,4.359589041095891,21.913972602739726
2015,19.0,-3.0,-245.26698630136985,0.27599999999999997,6.298328767123288,4.267808219178082,22.108767123287674
2015,21.0,-17.0,-250.7012602739726,0.10276712328767122,6.194328767123287,6.384383561643836,61.07208219178082
2015,21.0,-15.0,-246.40621917808218,0.1381917808219178,6.0392602739726025,5.364547945205479,29.48802739726027
2015,21.0,-13.0,-246.43202739726024,0.4706575342465754,6.08345205479452,4.927753424657535,26.9593698630137
2015,21.0,-11.0,-247.41969863013696,0.2926027397260274,6.20358904109589,4.808219178082192,25.46413698630137
2015,21.0,-9.0,-246.58128767123284,0.1127123287671233,6.208904109589041,4.371835616438356,22.19939726027397
2015,21.0,-7.0,-245.88024657534243,0.07838356164383561,6.215342465753424,4.244246575342466,20.583369863013697
2015,21.0,-5.0,-245.23558904109586,0.11684931506849315,6.134794520547945,4.226301369863013,19.659917808219177
2015,21.0,-3.0,-245.2735342465753,0.05219178082191781,6.162794520547945,4.401452054794521,19.230986301369864
2015,23.0,-17.0,-253.7261917808219,0.10868493150684932,5.990191780821918,7.54613698630137,85.94161643835616
2015,23.0,-15.0,-249.8080821917808,0.43317808219178083,6.043917808219178,6.04827397260274,43.391698630136986
2015,23.0,-13.0,-249.2065205479452,0.5644657534246575,5.95827397260274,5.328,38.30873972602739
2015,23.0,-11.0,-248.42002739726024,0.5948219178082192,5.920465753424658,4.684876712328768,33.59134246575343
2015,23.0,-9.0,-246.28199999999998,0.17819178082191778,5.9047397260273975,4.6213424657534246,23.82178082191781
2015,23.0,-7.0,-246.36835616438353,0.1403013698630137,6.044082191780823,4.3966301369863015,21.928246575342463
2015,23.0,-5.0,-245.706,0.15717808219178084,6.119835616438356,4.308794520547945,20.1767397260274
2015,23.0,-3.0,-245.6458630136986,0.12676712328767123,6.124109589041097,4.415013698630137,19.48942465753425
2015,25.0,-17.0,-252.48306849315065,0.17073972602739726,5.6891780821917814,7.015095890410958,82.74364383561644
2015,25.0,-15.0,-253.3399726027397,0.44323287671232875,5.937643835616438,6.331287671232877,73.7531506849315
2015,25.0,-13.0,-251.29873972602738,0.8936438356164382,6.043205479452054,5.519205479452054,50.02745205479452
2015,25.0,-11.0,-249.74547945205478,0.5383013698630138,5.888191780821918,5.679041095890411,41.33490410958905
2015,25.0,-9.0,-248.61484931506845,0.4281369863013698,5.860493150684931,4.921260273972603,32.84871232876713
2015,25.0,-7.0,-248.1351232876712,0.717068493150685,5.980191780821918,4.526739726027397,30.05958904109589
2015,25.0,-5.0,-245.95591780821917,0.15786301369863012,5.926876712328767,4.535643835616439,22.358739726027395
2015,25.0,-3.0,-246.44235616438354,0.11394520547945204,6.051205479452054,4.418109589041096,21.314821917808217
2016,15.0,-17.0,-247.43778688524588,1.4238251366120218,5.679644808743169,4.507622950819672,62.085191256830605
2016,15.0,-15.0,-244.1246994535519,1.2787704918032787,5.980382513661201,4.076366120218579,40.762213114754104
2016,15.0,-13.0,-244.18967213114752,1.7792896174863386,6.000628415300547,3.8937431693989066,43.23136612021858
2016,15.0,-11.0,-244.4810382513661,2.2867759562841528,5.923989071038252,3.850573770491803,45.23002732240437
2016,15.0,-9.0,-245.1805464480874,2.263469945355191,6.000491803278688,3.6797267759562846,42.58636612021858
2016,15.0,-7.0,-244.6903551912568,1.853934426229508,5.924071038251366,3.737704918032787,39.60224043715847
2016,15.0,-5.0,-244.74999999999997,1.8118306010928962,6.044262295081967,3.871065573770492,41.739754098360656
2016,15.0,-3.0,-245.49341530054642,2.561393442622951,5.934535519125683,3.720191256830601,41.10357923497268
2016,17.0,-17.0,-249.7749726775956,0.4894262295081967,5.926120218579235,5.906010928961749,79.57745901639345
2016,17.0,-15.0,-244.29090163934424,0.48218579234972675,6.235737704918032,4.508633879781421,35.305628415300546
2016,17.0,-13.0,-243.43139344262292,0.7584426229508198,6.21948087431694,4.226502732240437,31.715245901639342
2016,17.0,-11.0,-244.42734972677593,1.0761748633879782,6.205901639344261,4.259016393442623,34.08959016393443
2016,17.0,-9.0,-244.4545081967213,0.8142622950819673,6.259945355191258,4.245792349726776,31.784754098360654
2016,17.0,-7.0,-244.9353551912568,0.6184426229508198,6.2802185792349725,4.474043715846994,30.338278688524593
2016,17.0,-5.0,-244.6326775956284,0.6132240437158469,6.316775956284155,4.220792349726776,28.995218579234972
2016,17.0,-3.0,-244.0464207650273,0.5312021857923497,6.254153005464481,4.230765027322405,27.798579234972678
2016,19.0,-17.0,-250.83715846994534,0.15109289617486338,6.030928961748634,6.3787431693989065,78.75109289617485
2016,19.0,-15.0,-244.69732240437156,0.3440983606557377,6.160355191256831,4.729672131147541,30.1627868852459
2016,19.0,-13.0,-244.11062841530054,0.39524590163934425,6.190792349726776,4.401748633879781,26.960245901639347
2016,19.0,-11.0,-245.88762295081966,0.4407103825136612,6.300819672131149,4.567213114754098,28.252622950819674
2016,19.0,-9.0,-245.76502732240434,0.27243169398907097,6.34775956284153,4.370273224043716,26.400382513661203
2016,19.0,-7.0,-245.65155737704916,0.22341530054644806,6.259344262295082,4.250218579234972,25.449016393442623
2016,19.0,-5.0,-245.12125683060106,0.1633879781420765,6.319071038251367,4.232131147540984,23.490819672131146
2016,19.0,-3.0,-244.5866120218579,0.18704918032786882,6.301693989071039,4.174207650273224,22.457431693989072
2016,21.0,-17.0,-250.69893442622947,0.10412568306010929,6.333114754098361,6.298551912568306,62.897841530054635
2016,21.0,-15.0,-246.03448087431693,0.09098360655737706,6.181038251366121,5.266229508196721,29.81808743169399
2016,21.0,-13.0,-245.88983606557375,0.21524590163934426,6.1872131147540985,4.760765027322405,27.09830601092896
2016,21.0,-11.0,-246.80366120218576,0.1626775956284153,6.212349726775957,4.6259289617486345,26.483661202185793
2016,21.0,-9.0,-246.05210382513658,0.07658469945355191,6.17311475409836,4.2228415300546445,24.003360655737705
2016,21.0,-7.0,-245.3959289617486,0.10292349726775957,6.080273224043716,4.084262295081968,22.43642076502732
2016,21.0,-5.0,-244.71800546448085,0.10172131147540983,6.06172131147541,4.069590163934427,20.995765027322403
2016,21.0,-3.0,-244.86418032786884,0.15942622950819674,6.110573770491804,4.1847267759562845,20.666557377049177
2016,23.0,-17.0,-253.5756557377049,0.11806010928961747,6.06363387978142,7.281803278688526,86.85937158469945
2016,23.0,-15.0,-249.3385245901639,0.1858743169398907,6.192677595628414,5.803251366120218,42.61295081967213
2016,23.0,-13.0,-248.2777595628415,0.13183060109289618,6.144890710382514,5.16396174863388,34.68860655737705
2016,23.0,-11.0,-247.19245901639343,0.040737704918032795,6.039398907103825,4.652677595628416,29.49120218579235
2016,23.0,-9.0,-245.75961748633878,0.12308743169398906,5.949043715846995,4.528661202185792,24.31743169398907
2016,23.0,-7.0,-245.72874316939888,0.05038251366120219,5.940655737704919,4.34672131147541,22.533797814207652
2016,23.0,-5.0,-245.1363114754098,0.0918032786885246,5.9929508196721315,4.213251366120219,21.181120218579235
2016,23.0,-3.0,-245.21090163934423,0.11721311475409833,6.007021857923497,4.242486338797814,20.858497267759564
2016,25.0,-17.0,-252.4014207650273,0.20379781420765028,5.743989071038252,6.802950819672131,83.18483606557376
2016,25.0,-15.0,-253.25803278688522,0.3114207650273224,6.00551912568306,6.080245901639344,74.96459016393443
2016,25.0,-13.0,-250.58759562841527,0.31043715846994535,6.092459016393443,5.458142076502733,47.782677595628414
2016,25.0,-11.0,-248.9363387978142,0.1575136612021858,6.044344262295082,5.506420765027323,38.42950819672131
2016,25.0,-9.0,-247.88732240437156,0.2139617486338798,6.035464480874317,4.756830601092896,30.615792349726778
2016,25.0,-7.0,-247.52409836065573,0.20989071038251367,5.994371584699453,4.51636612021858,28.575382513661204
2016,25.0,-5.0,-245.5884426229508,0.14855191256830602,5.873032786885245,4.477322404371585,22.69907103825137
2016,25.0,-3.0,-246.02325136612018,0.09428961748633881,6.027677595628415,4.399918032786885,22.01688524590164
2017,15.0,-17.0,-247.17205479452053,1.2412602739726026,5.788027397260274,4.449780821917808,60.41690410958905
2017,15.0,-15.0,-244.30131506849312,1.592219178082192,6.045561643835617,3.9057260273972605,40.2641095890411
2017,15.0,-13.0,-244.0547123287671,1.6785479452054797,6.083123287671233,3.8068767123287666,40.98169863013699
2017,15.0,-11.0,-244.4319726027397,2.4228767123287667,6.0158082191780835,3.778027397260274,43.81580821917808
2017,15.0,-9.0,-245.03758904109586,1.960219178082192,6.097972602739727,3.66345205479452,40.06002739726027
2017,15.0,-7.0,-244.86728767123284,2.1053150684931503,6.090164383561644,3.7405479452054795,38.310054794520546
2017,15.0,-5.0,-245.19712328767122,2.6124383561643834,6.193369863013698,3.80786301369863,42.443863013698625
2017,15.0,-3.0,-245.79632876712327,2.8463287671232878,5.985863013698631,3.699616438356165,41.078931506849315
2017,17.0,-17.0,-249.68257534246573,0.3985205479452054,6.01841095890411,5.950849315068493,78.42016438356164
2017,17.0,-15.0,-244.35876712328763,0.5514794520547945,6.398575342465754,4.545835616438357,31.903972602739728
2017,17.0,-13.0,-243.3234520547945,0.6301917808219177,6.392328767123288,4.159068493150685,27.664328767123287
2017,17.0,-11.0,-244.298301369863,0.6837534246575342,6.343123287671232,4.2842739726027395,29.90986301369863
2017,17.0,-9.0,-244.37591780821916,0.5599999999999999,6.340465753424658,4.314027397260275,29.06345205479452
2017,17.0,-7.0,-244.97926027397259,0.5477260273972603,6.3770410958904105,4.5804109589041095,28.54731506849315
2017,17.0,-5.0,-244.84498630136983,0.5520821917808219,6.469643835616439,4.366794520547946,27.703506849315065
2017,17.0,-3.0,-244.43350684931505,0.5458904109589041,6.399369863013699,4.237671232876712,26.957315068493152
2017,19.0,-17.0,-250.71602739726026,0.060383561643835626,6.051013698630137,6.514849315068493,77.15416438356164
2017,19.0,-15.0,-244.59230136986298,0.13704109589041097,6.223917808219178,4.797589041095891,25.43641095890411
2017,19.0,-13.0,-244.1171232876712,0.1436164383561644,6.3006027397260285,4.5485205479452055,21.941424657534245
2017,19.0,-11.0,-245.84024657534246,0.1669041095890411,6.451178082191782,4.667780821917808,23.301561643835615
2017,19.0,-9.0,-245.9232328767123,0.12934246575342467,6.488027397260274,4.571123287671233,23.327095890410956
2017,19.0,-7.0,-245.99246575342463,0.19249315068493147,6.37427397260274,4.4926301369863015,23.866684931506846
2017,19.0,-5.0,-245.48468493150682,0.18304109589041095,6.35213698630137,4.464876712328767,22.86704109589041
2017,19.0,-3.0,-244.8215342465753,0.11093150684931509,6.387972602739725,4.369287671232876,21.728520547945205
2017,21.0,-17.0,-250.68246575342465,0.05712328767123287,6.362657534246575,6.394931506849315,61.885041095890415
2017,21.0,-15.0,-246.08131506849313,0.06071232876712328,6.256794520547945,5.296273972602739,26.56027397260274
2017,21.0,-13.0,-245.78252054794518,0.09690410958904108,6.271890410958903,4.795534246575342,22.390273972602742
2017,21.0,-11.0,-246.8907123287671,0.07405479452054795,6.297671232876711,4.679863013698631,22.406191780821917
2017,21.0,-9.0,-246.1989315068493,0.023068493150684932,6.309917808219177,4.359534246575342,20.95282191780822
2017,21.0,-7.0,-245.54772602739723,0.06443835616438356,6.297835616438356,4.350082191780822,20.176520547945206
2017,21.0,-5.0,-244.84295890410957,0.05802739726027397,6.174301369863014,4.334958904109589,19.49764383561644
2017,21.0,-3.0,-245.0072328767123,0.04495890410958904,6.201643835616439,4.433972602739726,19.746931506849315
2017,23.0,-17.0,-253.28221917808216,0.05671232876712329,6.0940821917808226,7.108876712328766,85.52947945205479
2017,23.0,-15.0,-249.07895890410956,0.05641095890410959,6.283890410958904,5.872328767123288,39.58380821917808
2017,23.0,-13.0,-248.08284931506847,0.14583561643835619,6.279616438356165,5.214602739726027,30.598794520547948
2017,23.0,-11.0,-247.12676712328766,0.030383561643835617,6.167095890410958,4.5912054794520545,25.53846575342466
2017,23.0,-9.0,-245.73205479452054,0.06923287671232876,6.0543287671232875,4.429068493150685,20.833123287671235
2017,23.0,-7.0,-245.97684931506848,0.11400000000000002,6.107917808219177,4.286904109589041,20.448958904109585
2017,23.0,-5.0,-245.30463013698628,0.06778082191780822,6.140383561643835,4.315369863013699,19.564657534246578
2017,23.0,-3.0,-245.37394520547943,0.03282191780821918,6.173068493150685,4.524767123287671,19.923972602739727
2017,25.0,-17.0,-252.09813698630134,0.11057534246575343,5.826684931506849,6.4914794520547945,82.39775342465754
2017,25.0,-15.0,-252.9474520547945,0.2907397260273972,6.026821917808219,5.927643835616437,73.21553424657533
2017,25.0,-13.0,-249.74054794520546,0.08745205479452053,6.1901095890410955,5.501643835616439,41.937917808219176
2017,25.0,-11.0,-248.24391780821915,0.051780821917808216,6.146684931506849,5.488054794520548,32.354684931506846
2017,25.0,-9.0,-247.24284931506847,0.027479452054794525,6.147945205479452,4.629424657534247,24.736410958904113
2017,25.0,-7.0,-246.89378082191777,0.02731506849315068,6.101698630136986,4.3897808219178085,22.208904109589042
2017,25.0,-5.0,-245.5297534246575,0.10435616438356166,5.954,4.451013698630137,20.277753424657533
2017,25.0,-3.0,-246.23695890410957,0.03802739726027397,6.108520547945206,4.527123287671232,21.050849315068493
2018,15.0,-17.0,-248.1716438356164,1.3524383561643836,5.965342465753424,4.796876712328768,61.83394520547945
2018,15.0,-15.0,-244.55753424657533,1.1894520547945204,6.018054794520548,4.11586301369863,39.419561643835614
2018,15.0,-13.0,-244.48358904109585,1.6567671232876713,6.041698630136987,3.858465753424657,42.035095890410965
2018,15.0,-11.0,-244.80142465753423,2.477178082191781,5.902575342465753,3.8045479452054796,44.86556164383561
2018,15.0,-9.0,-245.82989041095888,3.054684931506849,5.971369863013699,3.615315068493151,44.395917808219174
2018,15.0,-7.0,-245.07405479452052,1.890027397260274,5.98158904109589,3.6660273972602737,39.62093150684932
2018,15.0,-5.0,-245.50084931506848,2.3893150684931506,6.044219178082192,3.6993698630136986,44.88879452054795
2018,15.0,-3.0,-245.79213698630136,2.0743013698630133,6.073068493150685,3.6267123287671232,41.87723287671233
2018,17.0,-17.0,-251.034602739726,0.6644657534246575,6.04331506849315,6.019808219178081,81.48605479452056
2018,17.0,-15.0,-245.386301369863,0.803945205479452,6.338246575342466,4.621178082191781,36.544301369863014
2018,17.0,-13.0,-244.35736986301367,0.9619178082191782,6.330027397260274,4.170575342465753,32.67043835616439
2018,17.0,-11.0,-245.14090410958903,1.1282739726027395,6.291315068493151,4.169315068493151,34.13408219178082
2018,17.0,-9.0,-245.24342465753423,1.0062465753424656,6.339369863013698,4.151643835616438,33.078410958904115
2018,17.0,-7.0,-245.71052054794518,0.9125205479452057,6.320958904109588,4.327506849315069,32.71068493150685
2018,17.0,-5.0,-245.298602739726,0.8657808219178081,6.354739726027398,4.147342465753424,30.699424657534248
2018,17.0,-3.0,-244.68465753424655,0.6955890410958904,6.305643835616438,4.120520547945206,29.332219178082187
2018,19.0,-17.0,-251.9210410958904,0.3544383561643835,6.121890410958905,6.397397260273973,79.9334794520548
2018,19.0,-15.0,-245.7815616438356,0.4226027397260274,6.215342465753426,4.840630136986301,31.640575342465755
2018,19.0,-13.0,-245.22238356164382,0.5099178082191781,6.254191780821919,4.4829041095890405,28.072328767123288
2018,19.0,-11.0,-246.87167123287668,0.35758904109589046,6.4061369863013695,4.594684931506849,28.34517808219178
2018,19.0,-9.0,-246.72602739726025,0.3726575342465752,6.473671232876713,4.443068493150684,28.016520547945206
2018,19.0,-7.0,-246.5498630136986,0.38553424657534247,6.3634520547945215,4.259506849315068,27.854328767123288
2018,19.0,-5.0,-245.87813698630134,0.35476712328767124,6.33268493150685,4.251534246575343,25.86895890410959
2018,19.0,-3.0,-245.0577534246575,0.2084931506849315,6.305917808219178,4.233780821917808,23.826739726027395
2018,21.0,-17.0,-251.6241917808219,0.14536986301369864,6.361013698630136,6.593917808219177,64.84561643835617
2018,21.0,-15.0,-247.23857534246574,0.201013698630137,6.218054794520548,5.382191780821918,32.52580821917808
2018,21.0,-13.0,-247.01515068493148,0.25046575342465754,6.231534246575341,4.831643835616438,28.320602739726027
2018,21.0,-11.0,-247.92210958904107,0.18205479452054796,6.259835616438356,4.661835616438356,27.669753424657532
2018,21.0,-9.0,-247.13750684931503,0.15657534246575341,6.247287671232877,4.222657534246575,25.829205479452053
2018,21.0,-7.0,-246.2597534246575,0.18506849315068494,6.249561643835616,4.179013698630137,24.255452054794524
2018,21.0,-5.0,-245.23912328767122,0.06106849315068494,6.184575342465754,4.163616438356164,21.86846575342466
2018,21.0,-3.0,-245.17983561643834,0.08126027397260274,6.211479452054794,4.237780821917808,21.21460273972603
2018,23.0,-17.0,-254.27161643835615,0.505945205479452,6.249397260273973,7.50517808219178,87.7271506849315
2018,23.0,-15.0,-250.3859726027397,0.34920547945205477,6.223315068493151,6.0510958904109575,46.62095890410959
2018,23.0,-13.0,-249.40342465753423,0.1596712328767123,6.229397260273973,5.343890410958904,37.52654794520548
2018,23.0,-11.0,-248.54306849315066,0.12161643835616438,6.11827397260274,4.60986301369863,32.633835616438354
2018,23.0,-9.0,-246.98191780821915,0.09213698630136986,6.009041095890411,4.47041095890411,26.399424657534247
2018,23.0,-7.0,-246.8543835616438,0.11739726027397263,5.972849315068493,4.282465753424657,24.580958904109586
2018,23.0,-5.0,-245.92690410958903,0.14942465753424658,6.091095890410959,4.222493150684931,22.859205479452058
2018,23.0,-3.0,-245.7137808219178,0.16419178082191782,6.121945205479451,4.262849315068493,21.735890410958902
2018,25.0,-17.0,-252.85605479452053,0.14706849315068493,5.741917808219179,6.795589041095892,83.33597260273972
2018,25.0,-15.0,-253.9857534246575,0.3019178082191781,6.118876712328767,6.167561643835616,76.70504109589042
2018,25.0,-13.0,-251.71169863013696,0.8203013698630139,6.173835616438356,5.633698630136987,52.47904109589041
2018,25.0,-11.0,-250.38238356164382,0.5486849315068494,6.1109041095890415,5.695945205479453,44.132520547945205
2018,25.0,-9.0,-249.0407123287671,0.23306849315068492,6.0778630136986305,4.792876712328767,34.02764383561644
2018,25.0,-7.0,-248.4849315068493,0.20410958904109588,6.061369863013699,4.593506849315069,30.010082191780818
2018,25.0,-5.0,-246.5152602739726,0.3642191780821918,5.894465753424657,4.551506849315069,24.977945205479454
2018,25.0,-3.0,-246.49652054794518,0.09794520547945205,6.058219178082192,4.412465753424657,23.2427397260274
2019,15.0,-17.0,-247.80043835616436,1.2903561643835615,6.167808219178082,4.643397260273973,61.238246575342465
2019,15.0,-15.0,-244.31035616438353,1.2527397260273974,6.2379999999999995,4.11986301369863,38.12013698630137
2019,15.0,-13.0,-244.1770136986301,1.4816164383561643,6.277972602739726,3.950986301369863,39.40065753424658
2019,15.0,-11.0,-244.90287671232875,2.7399452054794518,6.084438356164383,3.89641095890411,44.61619178082192
2019,15.0,-9.0,-245.99216438356163,2.6698904109589043,6.131287671232877,3.651260273972603,43.503369863013695
2019,15.0,-7.0,-245.60909589041094,2.6604383561643834,6.2121369863013705,3.7110684931506848,41.26394520547946
2019,15.0,-5.0,-245.5138630136986,2.6835616438356165,6.258904109589041,3.842657534246576,43.034465753424655
2019,15.0,-3.0,-245.73202739726025,2.2131780821917806,6.250328767123287,3.6970136986301374,39.873534246575346
2019,17.0,-17.0,-250.4620821917808,0.4296986301369862,6.255917808219178,5.847534246575342,80.27150684931506
2019,17.0,-15.0,-244.7022739726027,0.3253424657534247,6.530794520547946,4.60654794520548,32.907534246575345
2019,17.0,-13.0,-243.41706849315065,0.44183561643835617,6.4954246575342465,4.21586301369863,26.46991780821918
2019,17.0,-11.0,-244.51002739726025,0.4804931506849315,6.48227397260274,4.286958904109589,28.975205479452057
2019,17.0,-9.0,-244.99306849315067,0.5563287671232877,6.445232876712329,4.248684931506849,29.846301369863014
2019,17.0,-7.0,-245.77868493150683,0.8910684931506849,6.448767123287672,4.325260273972603,30.49183561643835
2019,17.0,-5.0,-245.29016438356163,0.6033150684931508,6.552849315068493,4.189397260273973,27.647698630136986
2019,17.0,-3.0,-244.82380821917806,0.7691506849315068,6.515698630136985,4.070082191780822,27.114958904109585
2019,19.0,-17.0,-251.3859726027397,0.1430958904109589,6.290136986301369,6.27613698630137,78.44194520547944
2019,19.0,-15.0,-245.09846575342465,0.16356164383561644,6.4130958904109585,4.709561643835617,27.364520547945208
2019,19.0,-13.0,-244.52887671232875,0.09452054794520548,6.384547945205479,4.436958904109589,22.510493150684926
2019,19.0,-11.0,-246.12180821917806,0.10189041095890412,6.522931506849314,4.497671232876713,22.943506849315067
2019,19.0,-9.0,-246.44295890410956,0.12279452054794522,6.577808219178081,4.335999999999999,24.015753424657536
2019,19.0,-7.0,-246.5282739726027,0.16876712328767127,6.489041095890411,4.248356164383562,24.357452054794518
2019,19.0,-5.0,-245.96526027397258,0.1126027397260274,6.482493150684932,4.25454794520548,22.593315068493148
2019,19.0,-3.0,-245.33679452054793,0.10394520547945205,6.465479452054794,4.206630136986302,21.26676712328767
2019,21.0,-17.0,-251.1091232876712,0.02410958904109589,6.505342465753424,6.399260273972604,61.92999999999999
2019,21.0,-15.0,-246.5370410958904,0.13621917808219178,6.363863013698631,5.298219178082191,27.66057534246575
2019,21.0,-13.0,-246.23317808219176,0.06142465753424658,6.421534246575342,4.784684931506849,22.809452054794523
2019,21.0,-11.0,-247.3546301369863,0.03545205479452055,6.434246575342466,4.644219178082192,22.576383561643837
2019,21.0,-9.0,-246.83413698630136,0.04364383561643835,6.395972602739725,4.2262739726027405,21.445835616438355
2019,21.0,-7.0,-246.18027397260272,0.05926027397260274,6.401150684931507,4.221753424657535,20.582136986301368
2019,21.0,-5.0,-245.4870136986301,0.07093150684931508,6.323260273972602,4.182630136986301,19.366328767123285
2019,21.0,-3.0,-245.53887671232874,0.040575342465753415,6.31972602739726,4.289232876712329,18.845534246575344
2019,23.0,-17.0,-254.1107123287671,0.027999999999999997,6.2668767123287665,7.421835616438357,86.9750410958904
2019,23.0,-15.0,-249.45021917808216,0.041068493150684934,6.380301369863013,5.951972602739727,40.2192602739726
2019,23.0,-13.0,-248.48427397260272,0.01010958904109589,6.340794520547946,5.272630136986302,31.04495890410959
2019,23.0,-11.0,-247.70657534246573,0.015205479452054792,6.270301369863013,4.587041095890411,26.534958904109583
2019,23.0,-9.0,-246.38895890410956,0.0687123287671233,6.182301369863014,4.409698630136986,21.69676712328767
2019,23.0,-7.0,-246.54416438356162,0.042410958904109584,6.17454794520548,4.34,20.80471232876712
2019,23.0,-5.0,-245.84712328767122,0.050301369863013694,6.223315068493151,4.30241095890411,19.36027397260274
2019,23.0,-3.0,-245.88726027397257,0.01906849315068493,6.229780821917808,4.37531506849315,18.826191780821915
2019,25.0,-17.0,-252.78980821917807,0.14567123287671233,5.809013698630137,6.811013698630137,84.06523287671234
2019,25.0,-15.0,-253.70630136986298,0.09024657534246577,6.242027397260275,6.21386301369863,74.41263013698631
2019,25.0,-13.0,-250.5108219178082,0.12150684931506851,6.254054794520548,5.585068493150684,45.19994520547945
2019,25.0,-11.0,-249.0038630136986,0.08183561643835617,6.234520547945204,5.596520547945206,35.19405479452055
2019,25.0,-9.0,-248.03550684931506,0.1069041095890411,6.2282465753424665,4.687945205479452,27.112328767123287
2019,25.0,-7.0,-247.76572602739722,0.24715068493150683,6.170849315068493,4.397534246575343,25.360493150684928
2019,25.0,-5.0,-246.03131506849314,0.1611780821917808,6.051232876712328,4.430328767123288,20.994164383561646
2019,25.0,-3.0,-246.59498630136983,0.08761643835616438,6.23441095890411,4.386328767123287,20.827835616438357
2020,15.0,-17.0,-247.96185792349723,3.9895355191256834,6.036229508196721,4.376857923497268,67.62079234972677
2020,15.0,-15.0,-245.01647540983603,2.445601092896175,6.077158469945356,4.036639344262294,48.118606557377056
2020,15.0,-13.0,-244.73521857923495,2.809289617486338,6.1122131147540975,3.8863661202185793,48.28560109289617
2020,15.0,-11.0,-245.0294808743169,3.9990710382513663,5.953715846994536,3.907158469945355,49.42931693989071
2020,15.0,-9.0,-246.27188524590161,3.3428961748633874,6.096939890710383,3.611311475409836,48.430437158469935
2020,15.0,-7.0,-245.53166666666664,2.335655737704918,6.168251366120218,3.656256830601093,43.07928961748634
2020,15.0,-5.0,-245.40808743169396,2.300956284153006,6.194344262295083,3.763142076502732,44.99101092896175
2020,15.0,-3.0,-245.494781420765,2.0127322404371584,6.266174863387978,3.6816120218579234,40.922049180327875
2020,17.0,-17.0,-249.31707650273222,1.0641256830601094,6.030737704918033,5.869426229508197,79.18729508196722
2020,17.0,-15.0,-245.02131147540982,1.1439617486338798,6.401612021857924,4.589699453551912,40.73289617486339
2020,17.0,-13.0,-244.5643169398907,1.8728688524590162,6.365,4.112513661202185,40.21653005464481
2020,17.0,-11.0,-245.59155737704916,2.7512568306010925,6.380819672131148,4.18672131147541,40.945191256830604
2020,17.0,-9.0,-245.62125683060106,1.6661475409836066,6.421120218579235,4.137650273224044,38.340519125683066
2020,17.0,-7.0,-246.0511202185792,1.5325136612021861,6.390191256830602,4.287021857923497,36.597595628415306
2020,17.0,-5.0,-245.21702185792347,0.928879781420765,6.422322404371585,4.142349726775956,31.983797814207648
2020,17.0,-3.0,-244.73598360655737,0.9095081967213117,6.422814207650274,4.08448087431694,31.014125683060108
2020,19.0,-17.0,-250.15423497267756,0.7320491803278687,6.079426229508196,6.010737704918034,76.56300546448087
2020,19.0,-15.0,-245.38521857923496,1.2154098360655738,6.251311475409836,4.692267759562841,35.197131147540986
2020,19.0,-13.0,-245.2701639344262,1.3545081967213117,6.28120218579235,4.5175409836065565,33.917841530054645
2020,19.0,-11.0,-246.82628415300545,1.3513661202185794,6.417622950819673,4.596912568306011,34.490710382513655
2020,19.0,-9.0,-246.3660382513661,0.5560928961748635,6.5015300546448085,4.3524863387978145,29.517213114754103
2020,19.0,-7.0,-246.2910382513661,0.4745355191256831,6.425464480874318,4.2374043715847,28.78133879781421
2020,19.0,-5.0,-245.61243169398904,0.3377322404371585,6.401147540983607,4.26636612021858,26.396420765027322
2020,19.0,-3.0,-244.8792076502732,0.2753551912568306,6.349781420765027,4.205655737704918,24.682677595628416
2020,21.0,-17.0,-250.18174863387975,0.3234699453551913,6.251475409836066,6.154316939890711,62.05483606557377
2020,21.0,-15.0,-245.70945355191253,0.1869672131147541,6.212704918032786,5.2228142076502735,29.484426229508195
2020,21.0,-13.0,-245.83639344262292,3.4333333333333327,6.287322404371585,4.777131147540983,27.854262295081966
2020,21.0,-11.0,-247.05606557377047,1.8472950819672134,6.304945355191257,4.605109289617486,28.376584699453552
2020,21.0,-9.0,-246.27868852459014,0.5346994535519125,6.267650273224044,4.204426229508196,25.918306010928962
2020,21.0,-7.0,-245.3863114754098,0.12540983606557374,6.259453551912569,4.165573770491804,22.825437158469946
2020,21.0,-5.0,-244.76172131147538,0.12863387978142074,6.224153005464481,4.109918032786886,21.66707650273224
2020,21.0,-3.0,-244.73289617486336,0.07789617486338798,6.249890710382513,4.262322404371584,20.889508196721312
2020,23.0,-17.0,-253.50169398907101,0.7913661202185792,6.072540983606556,7.266256830601092,86.52871584699454
2020,23.0,-15.0,-248.26945355191253,0.1791803278688525,6.168060109289618,5.8177322404371585,39.136038251366124
2020,23.0,-13.0,-247.3614207650273,0.18385245901639347,6.179316939890711,5.126939890710383,30.75336065573771
2020,23.0,-11.0,-246.5095081967213,0.07560109289617485,6.124344262295082,4.52568306010929,26.825327868852458
2020,23.0,-9.0,-245.25999999999996,0.12781420765027324,6.037267759562843,4.438469945355191,22.725355191256835
2020,23.0,-7.0,-245.59797814207647,0.1410655737704918,6.0467759562841525,4.327049180327869,22.100409836065573
2020,23.0,-5.0,-244.9800819672131,0.13174863387978145,6.109562841530056,4.2893169398907105,20.88532786885246
2020,23.0,-3.0,-244.9021857923497,0.029699453551912572,6.117404371584699,4.398770491803279,20.264153005464483
2020,25.0,-17.0,-252.31423497267758,0.13136612021857924,5.767021857923497,6.807622950819672,84.44275956284154
2020,25.0,-15.0,-253.0543989071038,2.556967213114753,6.056912568306011,6.2126229508196715,74.08551912568306
2020,25.0,-13.0,-249.27163934426227,0.26051912568306007,6.106639344262295,5.539535519125683,42.48106557377049
2020,25.0,-11.0,-247.96598360655736,0.23150273224043716,6.083333333333333,5.507131147540984,34.28622950819672
2020,25.0,-9.0,-246.90153005464478,0.14560109289617487,6.089726775956285,4.680765027322404,26.293852459016396
2020,25.0,-7.0,-246.58251366120217,0.09885245901639345,6.022185792349727,4.486147540983606,23.97300546448087
2020,25.0,-5.0,-245.08327868852456,0.12543715846994535,5.956502732240437,4.537185792349727,21.28912568306011
2020,25.0,-3.0,-245.69849726775954,0.0930327868852459,6.110983606557377,4.463387978142077,21.523797814207647
2021,15.0,-17.0,-247.83599999999998,1.635780821917808,5.914958904109589,4.375260273972603,66.30117808219178
2021,15.0,-15.0,-244.56224657534244,2.6077260273972604,6.0024931506849315,3.9174520547945204,46.895835616438355
2021,15.0,-13.0,-244.13482191780818,2.430876712328767,6.101917808219177,3.768767123287671,46.537260273972606
2021,15.0,-11.0,-244.43621917808218,3.9193972602739726,5.976904109589041,3.7352602739726026,48.111342465753424
2021,15.0,-9.0,-245.17558904109586,2.462164383561644,6.041178082191782,3.6709863013698625,44.40356164383562
2021,15.0,-7.0,-244.57605479452053,2.171780821917808,6.122493150684932,3.7038630136986304,40.71808219178082
2021,15.0,-5.0,-244.73468493150682,2.374356164383562,6.221205479452055,3.7575342465753425,43.64838356164383
2021,15.0,-3.0,-244.74616438356162,1.7587397260273974,6.307999999999999,3.7611232876712326,38.06460273972603
2021,17.0,-17.0,-250.06424657534245,0.7924383561643836,5.972904109589042,6.050465753424658,81.46734246575343
2021,17.0,-15.0,-244.70926027397257,0.8295616438356165,6.312931506849316,4.5903835616438355,39.513205479452054
2021,17.0,-13.0,-243.16917808219176,0.7887671232876712,6.270739726027396,4.215232876712329,33.173863013698636
2021,17.0,-11.0,-244.26917808219176,1.033013698630137,6.320273972602739,4.248602739726027,35.211260273972606
2021,17.0,-9.0,-244.49526027397258,1.0192602739726029,6.385123287671232,4.231232876712329,34.10695890410959
2021,17.0,-7.0,-244.70364383561642,0.7821643835616439,6.417534246575341,4.459972602739725,31.123342465753424
2021,17.0,-5.0,-243.9859726027397,0.4361369863013699,6.487534246575343,4.236191780821918,27.722109589041096
2021,17.0,-3.0,-243.4120821917808,0.31627397260273976,6.476931506849315,4.158109589041096,26.099506849315066
2021,19.0,-17.0,-251.10221917808218,0.2065753424657534,6.073534246575343,6.414465753424657,79.68287671232876
2021,19.0,-15.0,-244.5947123287671,0.23101369863013702,6.181917808219177,4.7835616438356166,31.182767123287668
2021,19.0,-13.0,-244.2773698630137,0.4229315068493151,6.269561643835617,4.392958904109589,29.213150684931506
2021,19.0,-11.0,-245.68495890410958,0.40076712328767133,6.429534246575342,4.523808219178083,27.951534246575335
2021,19.0,-9.0,-245.1968219178082,0.1504931506849315,6.473890410958905,4.363534246575343,24.571150684931506
2021,19.0,-7.0,-245.09906849315067,0.11657534246575342,6.407287671232877,4.1639178082191775,23.912328767123288
2021,19.0,-5.0,-244.52287671232875,0.05501369863013699,6.433452054794521,4.068575342465754,22.136301369863013
2021,19.0,-3.0,-244.03736986301368,0.23142465753424657,6.4379178082191775,3.9437534246575345,21.848575342465754
2021,21.0,-17.0,-251.17315068493147,0.5290684931506849,6.267753424657533,6.387315068493152,65.63115068493151
2021,21.0,-15.0,-245.7690410958904,0.0980821917808219,6.180109589041095,5.384356164383561,30.068219178082195
2021,21.0,-13.0,-245.4454520547945,0.0872054794520548,6.257945205479452,4.783041095890411,25.736602739726028
2021,21.0,-11.0,-246.5589315068493,0.13534246575342465,6.296109589041095,4.59958904109589,25.63076712328767
2021,21.0,-9.0,-245.71183561643832,0.09410958904109587,6.258547945205479,4.221068493150685,22.87731506849315
2021,21.0,-7.0,-244.72304109589038,0.06624657534246575,6.256876712328767,4.071287671232876,20.126958904109593
2021,21.0,-5.0,-244.03405479452053,0.08246575342465753,6.198849315068493,3.9517260273972608,18.91827397260274
2021,21.0,-3.0,-244.07509589041092,0.02043835616438356,6.286575342465754,4.081232876712329,18.334054794520547
2021,23.0,-17.0,-253.89616438356163,1.8364109589041095,6.121260273972603,7.360356164383561,88.51671232876713
2021,23.0,-15.0,-249.48673972602737,2.631780821917808,6.177123287671234,5.8810958904109585,44.14547945205479
2021,23.0,-13.0,-247.75964383561643,0.045205479452054796,6.167616438356165,5.281424657534247,32.01120547945205
2021,23.0,-11.0,-246.85254794520546,0.04961643835616438,6.086383561643836,4.620520547945206,27.608438356164385
2021,23.0,-9.0,-245.23032876712327,0.042328767123287675,5.997479452054795,4.527068493150685,21.835643835616438
2021,23.0,-7.0,-245.136301369863,0.0333972602739726,6.007068493150685,4.299123287671232,20.134301369863014
2021,23.0,-5.0,-244.36087671232875,0.04967123287671232,6.095397260273973,4.13468493150685,18.574164383561644
2021,23.0,-3.0,-244.3252328767123,0.007616438356164384,6.15786301369863,4.176575342465753,17.96717808219178
2021,25.0,-17.0,-252.30928767123285,0.6508219178082192,5.810465753424657,6.882739726027396,83.7526301369863
2021,25.0,-15.0,-253.5570136986301,5.022986301369864,6.14104109589041,6.126054794520549,76.59293150684931
2021,25.0,-13.0,-250.1952602739726,0.2773972602739726,6.139397260273973,5.603643835616438,45.550219178082195
2021,25.0,-11.0,-248.59347945205477,0.15087671232876712,6.071780821917808,5.669726027397259,36.83498630136987
2021,25.0,-9.0,-247.28098630136984,0.15989041095890413,6.068328767123288,4.697726027397261,27.888356164383563
2021,25.0,-7.0,-246.54643835616437,0.114,5.986876712328767,4.40986301369863,23.922
2021,25.0,-5.0,-244.5231232876712,0.037972602739726025,5.888356164383562,4.250246575342466,19.477342465753427
2021,25.0,-3.0,-245.02263013698627,0.049068493150684935,6.078191780821918,4.17172602739726,19.330273972602736
2022,15.0,-17.0,-247.2861643835616,1.6219726027397259,5.968821917808219,4.443260273972602,64.04890410958903
2022,15.0,-15.0,-244.84473972602737,2.0755890410958906,6.000657534246576,3.9583835616438354,47.17621917808219
2022,15.0,-13.0,-244.9521917808219,3.3198356164383567,6.0273150684931505,3.834109589041096,48.39542465753425
2022,15.0,-11.0,-244.80326027397257,2.994986301369863,5.951506849315069,3.829671232876712,46.592684931506845
2022,15.0,-9.0,-244.78484931506847,1.6974246575342464,5.993643835616439,3.850082191780822,38.03821917808219
2022,15.0,-7.0,-244.69753424657532,1.883945205479452,6.03427397260274,3.8012876712328763,36.636794520547944
2022,15.0,-5.0,-244.81120547945204,1.5156986301369864,6.092109589041096,3.946712328767124,38.65679452054795
2022,15.0,-3.0,-245.65032876712326,1.6933698630136984,6.187205479452055,3.8278630136986305,38.28654794520548
2022,17.0,-17.0,-249.2142739726027,0.9267945205479451,6.032794520547946,5.726328767123288,79.74301369863012
2022,17.0,-15.0,-244.51556164383558,0.9064657534246577,6.331205479452055,4.449424657534246,37.9012602739726
2022,17.0,-13.0,-243.73301369863012,1.0008219178082192,6.3081369863013705,4.223260273972602,33.90293150684931
2022,17.0,-11.0,-244.5160821917808,1.0276438356164384,6.277945205479451,4.257616438356164,33.36780821917808
2022,17.0,-9.0,-244.39032876712326,0.7506301369863014,6.309972602739727,4.249917808219178,29.881232876712332
2022,17.0,-7.0,-245.01172602739723,0.7367671232876712,6.33890410958904,4.430739726027396,29.028164383561645
2022,17.0,-5.0,-244.5429315068493,0.3574794520547945,6.377616438356164,4.3193972602739725,26.418931506849315
2022,17.0,-3.0,-244.33205479452053,0.47824657534246584,6.328931506849315,4.293397260273973,26.599397260273975
2022,19.0,-17.0,-250.29273972602738,0.2337260273972603,6.053397260273972,6.0680000000000005,78.45317808219178
2022,19.0,-15.0,-244.54410958904106,0.3307123287671233,6.112684931506849,4.6825753424657535,30.904301369863013
2022,19.0,-13.0,-244.22920547945202,0.43600000000000005,6.155123287671232,4.41227397260274,27.52898630136986
2022,19.0,-11.0,,,,,
2022,19.0,-9.0,-245.53506849315067,0.2224657534246575,6.432876712328767,4.356630136986301,24.206328767123285
2022,19.0,-7.0,-245.50057534246574,0.15975342465753425,6.342328767123287,4.207397260273972,23.092986301369866
2022,19.0,-5.0,-245.1904109589041,0.18638356164383563,6.332931506849315,4.163506849315068,22.21841095890411
2022,19.0,-3.0,-244.80169863013697,0.2068493150684931,6.302027397260273,4.170712328767123,22.07972602739726
2022,21.0,-17.0,-250.3767123287671,0.07378082191780823,6.141780821917808,6.257890410958904,63.723890410958894
2022,21.0,-15.0,-245.29799999999997,0.039013698630136984,6.053315068493149,5.1578630136986305,28.367917808219175
2022,21.0,-13.0,-245.10978082191778,0.106,6.107424657534247,4.696767123287671,24.590246575342466
2022,21.0,-11.0,-246.2872328767123,0.1316712328767123,6.19958904109589,4.566657534246575,24.274575342465756
2022,21.0,-9.0,-245.59547945205478,0.0561917808219178,6.2269863013698625,4.190657534246576,21.718273972602738
2022,21.0,-7.0,-245.05575342465752,0.10200000000000001,6.211534246575343,4.13745205479452,20.350438356164382
2022,21.0,-5.0,-244.434301369863,0.03646575342465753,6.1582191780821915,4.103534246575342,18.85156164383562
2022,21.0,-3.0,-244.6864109589041,0.05794520547945206,6.188493150684932,4.211178082191781,18.705698630136986
2022,23.0,-17.0,-253.49572602739724,0.21463013698630137,6.047123287671233,7.1161369863013695,88.4994794520548
2022,23.0,-15.0,-248.30473972602738,0.15860273972602737,6.057260273972603,5.838931506849315,39.92167123287671
2022,23.0,-13.0,-246.99046575342464,0.1696986301369863,6.048438356164383,5.198876712328768,30.38720547945205
2022,23.0,-11.0,-246.16843835616436,0.0690958904109589,5.973315068493151,4.5710136986301375,26.431808219178084
2022,23.0,-9.0,-244.92616438356163,0.03580821917808219,5.888301369863013,4.409753424657534,21.197205479452055
2022,23.0,-7.0,-245.23246575342463,0.08104109589041096,5.988821917808219,4.248712328767123,20.12745205479452
2022,23.0,-5.0,-244.59827397260273,0.04432876712328767,6.088082191780822,4.307260273972602,18.526520547945207
2022,23.0,-3.0,-244.85372602739724,0.08835616438356164,6.192794520547945,4.38613698630137,18.29791780821918
2022,25.0,-17.0,,,,,
2022,25.0,-15.0,-252.94813698630134,0.2788219178082192,5.989232876712328,6.081972602739726,74.18260273972604
2022,25.0,-13.0,-249.00221917808216,0.3187397260273972,5.955808219178082,5.737726027397262,41.75978082191781
2022,25.0,-11.0,-247.6943835616438,0.3981095890410959,5.891726027397259,5.550767123287671,33.916520547945204
2022,25.0,-9.0,-246.54824657534243,0.11487671232876714,5.955972602739727,4.6321369863013695,25.565013698630136
2022,25.0,-7.0,-246.19643835616435,0.03772602739726027,5.95454794520548,4.503726027397261,21.898657534246578
2022,25.0,-5.0,-244.80115068493149,0.05306849315068493,5.905452054794521,4.5514246575342465,19.261534246575344
2022,25.0,-3.0,-245.5211232876712,0.00978082191780822,6.127835616438357,4.563561643835616,19.0972602739726
